{"type":"FeatureCollection","country":"Bangladesh","features":[{"type":"Feature","properties":{"district":"Bagerhat","name":"Bagerhat"},"geometry":{"type":"MultiPolygon","coordinates":[[[[89.84,21.828],[89.84,21.828],[89.841,21.829],[89.84,21.83],[89.84,21.829],[89.839,21.828],[89.838,21.827],[89.838,21.827],[89.837,21.825],[89.838,21.823],[89.838,21.819],[89.839,21.816],[89.84,21.815],[89.841,21.814],[89.841,21.812],[89.841,21.81],[89.843,21.808],[89.846,21.808],[89.847,21.808],[89.848,21.807],[89.849,21.808],[89.851,21.808],[89.853,21.808],[89.854,21.809],[89.855,21.809],[89.856,21.81],[89.856,21.811],[89.856,21.811],[89.855,21.811],[89.853,21.81],[89.852,21.809],[89.852,21.809],[89.853,21.811],[89.854,21.813],[89.853,21.818],[89.852,21.819],[89.849,21.822],[89.847,21.823],[89.845,21.825],[89.843,21.828],[89.842,21.828],[89.841,21.828],[89.841,21.828],[89.84,21.828]]],[[[89.545,21.85],[89.545,21.746],[89.569,21.715],[89.606,21.719],[89.587,21.764],[89.604,21.801],[89.545,21.85]]],[[[89.861,21.835],[89.862,21.837],[89.863,21.84],[89.864,21.843],[89.864,21.848],[89.863,21.853],[89.862,21.854],[89.861,21.855],[89.859,21.857],[89.856,21.858],[89.853,21.858],[89.851,21.857],[89.851,21.855],[89.851,21.854],[89.852,21.853],[89.852,21.85],[89.852,21.847],[89.854,21.844],[89.856,21.841],[89.859,21.838],[89.86,21.836],[89.86,21.835],[89.86,21.835],[89.861,21.835]]],[[[89.654,21.857],[89.644,21.898],[89.631,21.876],[89.654,21.857]]],[[[89.571,21.93],[89.572,21.932],[89.573,21.933],[89.573,21.935],[89.571,21.935],[89.57,21.935],[89.57,21.932],[89.57,21.93],[89.57,21.929],[89.571,21.93]]],[[[89.615,21.947],[89.573,21.935],[89.555,21.861],[89.601,21.891],[89.554,21.856],[89.615,21.802],[89.61,21.765],[89.67,21.755],[89.697,21.794],[89.626,21.864],[89.646,21.91],[89.615,21.947]]],[[[89.546,21.881],[89.569,21.934],[89.543,21.961],[89.546,21.881]]],[[[89.714,21.977],[89.696,22.005],[89.693,21.943],[89.658,21.887],[89.673,21.837],[89.706,21.845],[89.688,21.855],[89.712,21.888],[89.691,21.855],[89.742,21.84],[89.711,21.902],[89.714,21.977]]],[[[89.574,21.942],[89.562,21.975],[89.608,22.016],[89.568,22.038],[89.548,21.962],[89.574,21.942]]],[[[89.85,21.873],[89.876,21.91],[89.856,22.028],[89.832,22.05],[89.842,22.005],[89.805,21.989],[89.846,21.956],[89.809,21.924],[89.85,21.873]]],[[[89.817,22.056],[89.776,22.089],[89.742,22.052],[89.761,22.031],[89.748,21.973],[89.715,21.961],[89.725,21.941],[89.77,21.956],[89.731,21.948],[89.716,21.905],[89.749,21.856],[89.78,21.862],[89.784,21.885],[89.748,21.894],[89.784,21.887],[89.773,21.936],[89.783,21.869],[89.813,21.89],[89.777,21.833],[89.839,21.855],[89.845,21.892],[89.807,21.92],[89.843,21.956],[89.804,21.988],[89.841,22.008],[89.823,22.051],[89.797,22.043],[89.817,22.056]]],[[[89.637,22.097],[89.597,22.091],[89.572,22.049],[89.591,22.039],[89.601,22.065],[89.593,22.038],[89.569,22.039],[89.635,22.03],[89.633,22.064],[89.621,22.04],[89.639,22.032],[89.6,22.029],[89.604,22.001],[89.563,21.974],[89.587,21.95],[89.645,21.965],[89.62,21.999],[89.655,22.004],[89.666,22.055],[89.637,22.097]]],[[[89.747,22.134],[89.713,22.128],[89.711,22.074],[89.678,22.052],[89.728,21.969],[89.758,22.032],[89.739,22.052],[89.774,22.087],[89.747,22.134]]],[[[89.619,22.167],[89.598,22.088],[89.649,22.1],[89.668,22.056],[89.655,22.002],[89.624,22],[89.648,21.981],[89.628,21.945],[89.657,21.903],[89.699,22.032],[89.672,22.049],[89.675,22.141],[89.619,22.167]]],[[[89.889,22.158],[89.889,22.158],[89.889,22.159],[89.889,22.159],[89.889,22.159],[89.889,22.159],[89.889,22.16],[89.889,22.16],[89.889,22.16],[89.889,22.161],[89.889,22.161],[89.889,22.161],[89.889,22.161],[89.889,22.161],[89.888,22.162],[89.888,22.162],[89.888,22.162],[89.888,22.162],[89.888,22.163],[89.888,22.163],[89.888,22.163],[89.888,22.163],[89.888,22.164],[89.888,22.164],[89.888,22.164],[89.888,22.165],[89.888,22.165],[89.888,22.165],[89.888,22.165],[89.888,22.165],[89.888,22.165],[89.887,22.166],[89.887,22.167],[89.886,22.167],[89.886,22.165],[89.886,22.163],[89.886,22.162],[89.887,22.159],[89.887,22.158],[89.888,22.154],[89.889,22.151],[89.889,22.148],[89.891,22.147],[89.891,22.148],[89.891,22.149],[89.891,22.15],[89.891,22.151],[89.891,22.152],[89.891,22.153],[89.89,22.154],[89.89,22.155],[89.89,22.156],[89.889,22.157],[89.889,22.158],[89.889,22.158],[89.889,22.158]]],[[[89.62,22.278],[89.613,22.297],[89.593,22.228],[89.554,22.21],[89.604,22.128],[89.62,22.278]]],[[[89.801,22.941],[89.788,22.982],[89.749,22.964],[89.728,22.896],[89.695,22.874],[89.711,22.825],[89.676,22.813],[89.654,22.755],[89.611,22.774],[89.585,22.717],[89.603,22.702],[89.57,22.691],[89.579,22.669],[89.556,22.678],[89.532,22.608],[89.636,22.35],[89.607,22.179],[89.678,22.142],[89.666,22.1],[89.684,22.098],[89.669,22.088],[89.685,22.067],[89.704,22.072],[89.69,22.179],[89.71,22.199],[89.689,22.193],[89.676,22.238],[89.637,22.248],[89.675,22.257],[89.643,22.288],[89.67,22.276],[89.652,22.262],[89.674,22.254],[89.638,22.249],[89.677,22.239],[89.674,22.208],[89.735,22.277],[89.704,22.273],[89.666,22.364],[89.64,22.365],[89.667,22.367],[89.701,22.312],[89.714,22.35],[89.704,22.278],[89.738,22.28],[89.692,22.197],[89.714,22.198],[89.694,22.183],[89.713,22.131],[89.742,22.137],[89.73,22.201],[89.734,22.221],[89.751,22.2],[89.762,22.26],[89.753,22.2],[89.731,22.199],[89.744,22.138],[89.801,22.072],[89.837,22.123],[89.811,22.14],[89.834,22.163],[89.808,22.22],[89.837,22.164],[89.813,22.145],[89.842,22.117],[89.806,22.075],[89.844,22.063],[89.884,22.115],[89.858,22.269],[89.902,22.373],[89.871,22.419],[89.945,22.466],[89.882,22.498],[89.97,22.501],[89.923,22.51],[89.962,22.593],[89.92,22.607],[89.927,22.642],[89.89,22.663],[89.937,22.68],[89.861,22.699],[89.932,22.724],[89.904,22.773],[89.938,22.785],[89.914,22.8],[89.944,22.856],[89.919,22.881],[89.851,22.888],[89.865,22.903],[89.801,22.941]]]]}},{"type":"Feature","properties":{"district":"Bandarban","name":"Bandarban","severity":"high"},"geometry":{"type":"Polygon","coordinates":[[[92.614,21.852],[92.524,22.025],[92.462,22.256],[92.362,22.341],[92.281,22.356],[92.208,22.33],[92.146,22.348],[92.138,22.234],[92.173,22.113],[92.141,22.092],[92.176,22.064],[92.161,22.044],[92.177,22.024],[92.216,22.006],[92.214,21.975],[92.16,21.945],[92.175,21.91],[92.13,21.902],[92.118,21.935],[92.06,21.903],[92.081,21.888],[92.081,21.81],[92.19,21.776],[92.18,21.848],[92.212,21.787],[92.176,21.789],[92.158,21.735],[92.116,21.741],[92.092,21.689],[92.112,21.666],[92.099,21.644],[92.147,21.596],[92.174,21.6],[92.169,21.514],[92.201,21.514],[92.24,21.473],[92.246,21.401],[92.202,21.391],[92.164,21.432],[92.126,21.401],[92.193,21.267],[92.166,21.221],[92.174,21.185],[92.218,21.232],[92.198,21.32],[92.259,21.362],[92.269,21.428],[92.329,21.419],[92.343,21.467],[92.381,21.48],[92.428,21.424],[92.439,21.365],[92.558,21.384],[92.596,21.244],[92.68,21.286],[92.609,21.585],[92.614,21.852]]]}},{"type":"Feature","properties":{"district":"Barguna","name":"Barguna"},"geometry":{"type":"MultiPolygon","coordinates":[[[[89.88,22.079],[89.881,22.08],[89.884,22.082],[89.885,22.084],[89.885,22.086],[89.885,22.088],[89.884,22.09],[89.883,22.091],[89.882,22.091],[89.879,22.088],[89.878,22.087],[89.878,22.087],[89.877,22.086],[89.877,22.085],[89.876,22.084],[89.875,22.084],[89.875,22.083],[89.876,22.081],[89.878,22.079],[89.88,22.079]]],[[[89.891,22.15],[89.891,22.15],[89.892,22.155],[89.891,22.158],[89.89,22.158],[89.89,22.158],[89.89,22.158],[89.889,22.158],[89.889,22.158],[89.889,22.158],[89.889,22.157],[89.89,22.156],[89.89,22.155],[89.89,22.154],[89.89,22.154],[89.891,22.153],[89.891,22.152],[89.891,22.151],[89.891,22.15]]],[[[90.23,22.453],[90.24,22.485],[90.188,22.48],[90.176,22.431],[90.116,22.364],[90.05,22.336],[90.019,22.23],[89.991,22.199],[89.967,22.22],[89.958,22.171],[89.907,22.159],[89.901,22.072],[89.958,21.947],[89.987,21.956],[89.972,22.03],[90.023,22.081],[90.016,22.129],[90.06,22.161],[90.02,22.188],[90.071,22.16],[90.035,22.128],[90.029,22.053],[89.987,22.035],[90.018,21.983],[90.056,21.979],[90.086,22.06],[90.151,22.121],[90.224,22.145],[90.198,22.108],[90.159,22.115],[90.09,22.041],[90.071,21.97],[90.029,21.945],[90.024,21.884],[90.053,21.863],[90.143,21.931],[90.154,21.983],[90.191,21.985],[90.179,22.021],[90.202,22.022],[90.211,22.049],[90.186,22.085],[90.233,22.062],[90.221,22.035],[90.248,22.02],[90.347,22.11],[90.336,22.165],[90.372,22.198],[90.351,22.196],[90.36,22.232],[90.328,22.245],[90.334,22.263],[90.287,22.235],[90.29,22.258],[90.246,22.262],[90.225,22.217],[90.148,22.273],[90.159,22.322],[90.138,22.343],[90.176,22.324],[90.195,22.414],[90.23,22.453]]]]}},{"type":"Feature","properties":{"district":"Barisal","name":"Barisal"},"geometry":{"type":"MultiPolygon","coordinates":[[[[90.554,22.593],[90.554,22.593],[90.554,22.593],[90.553,22.594],[90.553,22.594],[90.553,22.595],[90.553,22.595],[90.552,22.596],[90.552,22.596],[90.552,22.597],[90.551,22.598],[90.551,22.598],[90.551,22.598],[90.55,22.599],[90.55,22.599],[90.55,22.599],[90.549,22.599],[90.549,22.6],[90.548,22.6],[90.548,22.601],[90.548,22.601],[90.547,22.601],[90.547,22.601],[90.546,22.602],[90.546,22.602],[90.545,22.603],[90.544,22.603],[90.544,22.604],[90.543,22.604],[90.542,22.605],[90.542,22.603],[90.543,22.601],[90.545,22.597],[90.547,22.593],[90.548,22.593],[90.548,22.593],[90.548,22.593],[90.548,22.593],[90.549,22.593],[90.549,22.593],[90.549,22.593],[90.55,22.593],[90.55,22.593],[90.55,22.593],[90.55,22.593],[90.551,22.593],[90.551,22.593],[90.551,22.593],[90.552,22.593],[90.552,22.593],[90.552,22.593],[90.552,22.593],[90.553,22.593],[90.553,22.593],[90.553,22.593],[90.553,22.593],[90.554,22.593],[90.554,22.593],[90.554,22.593],[90.554,22.592],[90.554,22.593]]],[[[90.534,22.611],[90.535,22.611],[90.536,22.608],[90.538,22.607],[90.539,22.607],[90.54,22.607],[90.539,22.608],[90.538,22.608],[90.538,22.609],[90.537,22.609],[90.536,22.61],[90.536,22.61],[90.535,22.611],[90.535,22.611],[90.534,22.611]]],[[[90.538,22.59],[90.525,22.641],[90.523,22.578],[90.538,22.59]]],[[[90.56,22.699],[90.522,22.701],[90.522,22.641],[90.525,22.684],[90.56,22.699]]],[[[90.538,22.71],[90.538,22.712],[90.537,22.715],[90.535,22.717],[90.534,22.718],[90.533,22.719],[90.532,22.721],[90.531,22.725],[90.53,22.725],[90.529,22.725],[90.528,22.721],[90.527,22.719],[90.527,22.715],[90.527,22.713],[90.527,22.71],[90.526,22.709],[90.527,22.708],[90.528,22.708],[90.528,22.708],[90.53,22.708],[90.53,22.708],[90.531,22.708],[90.532,22.708],[90.534,22.708],[90.534,22.708],[90.534,22.709],[90.535,22.709],[90.535,22.709],[90.535,22.709],[90.536,22.709],[90.536,22.71],[90.536,22.71],[90.537,22.709],[90.538,22.709],[90.538,22.71]]],[[[90.458,22.755],[90.458,22.756],[90.458,22.758],[90.457,22.761],[90.455,22.764],[90.453,22.767],[90.452,22.767],[90.451,22.767],[90.448,22.766],[90.447,22.766],[90.443,22.764],[90.442,22.763],[90.442,22.762],[90.443,22.76],[90.445,22.759],[90.447,22.759],[90.449,22.758],[90.452,22.757],[90.456,22.755],[90.457,22.755],[90.458,22.755]]],[[[90.564,22.706],[90.56,22.769],[90.543,22.725],[90.561,22.706],[90.565,22.739],[90.564,22.706]]],[[[90.497,22.799],[90.497,22.799],[90.496,22.8],[90.496,22.8],[90.496,22.8],[90.496,22.8],[90.496,22.799],[90.496,22.799],[90.496,22.799],[90.497,22.799]]],[[[90.525,22.721],[90.515,22.802],[90.485,22.754],[90.525,22.721]]],[[[90.56,22.77],[90.582,22.803],[90.535,22.776],[90.533,22.736],[90.56,22.77]]],[[[90.493,22.808],[90.494,22.809],[90.497,22.811],[90.499,22.812],[90.503,22.813],[90.504,22.814],[90.505,22.814],[90.506,22.815],[90.506,22.816],[90.506,22.816],[90.507,22.819],[90.507,22.82],[90.507,22.82],[90.505,22.821],[90.503,22.821],[90.499,22.821],[90.496,22.82],[90.493,22.819],[90.492,22.817],[90.491,22.812],[90.491,22.81],[90.493,22.808],[90.493,22.808]]],[[[90.52,22.877],[90.523,22.88],[90.524,22.881],[90.524,22.882],[90.523,22.882],[90.522,22.882],[90.52,22.881],[90.516,22.881],[90.51,22.878],[90.506,22.875],[90.504,22.874],[90.504,22.874],[90.503,22.874],[90.503,22.873],[90.503,22.873],[90.502,22.872],[90.496,22.868],[90.495,22.867],[90.493,22.865],[90.487,22.859],[90.484,22.856],[90.483,22.855],[90.482,22.853],[90.483,22.852],[90.486,22.846],[90.486,22.845],[90.487,22.846],[90.489,22.849],[90.491,22.851],[90.493,22.853],[90.494,22.854],[90.496,22.854],[90.501,22.859],[90.505,22.863],[90.505,22.863],[90.512,22.87],[90.515,22.873],[90.52,22.877]]],[[[90.651,22.848],[90.534,22.889],[90.491,22.849],[90.486,22.799],[90.497,22.839],[90.496,22.802],[90.541,22.794],[90.651,22.848]]],[[[90.606,22.888],[90.606,22.89],[90.605,22.894],[90.603,22.897],[90.603,22.897],[90.601,22.895],[90.6,22.893],[90.599,22.891],[90.599,22.888],[90.6,22.886],[90.6,22.886],[90.6,22.888],[90.601,22.888],[90.601,22.887],[90.601,22.886],[90.601,22.885],[90.601,22.885],[90.601,22.885],[90.605,22.887],[90.606,22.888]]],[[[90.685,22.903],[90.688,22.904],[90.689,22.904],[90.689,22.904],[90.688,22.906],[90.686,22.906],[90.685,22.904],[90.685,22.903]]],[[[90.597,22.911],[90.56,22.895],[90.597,22.884],[90.597,22.911]]],[[[90.676,22.921],[90.674,22.922],[90.673,22.923],[90.671,22.924],[90.669,22.926],[90.667,22.928],[90.666,22.929],[90.665,22.928],[90.666,22.926],[90.666,22.925],[90.666,22.924],[90.668,22.924],[90.669,22.924],[90.67,22.923],[90.67,22.922],[90.67,22.921],[90.669,22.921],[90.668,22.921],[90.667,22.919],[90.667,22.918],[90.668,22.916],[90.668,22.915],[90.669,22.913],[90.67,22.912],[90.671,22.912],[90.671,22.911],[90.671,22.911],[90.67,22.91],[90.671,22.909],[90.671,22.908],[90.672,22.909],[90.673,22.911],[90.672,22.912],[90.672,22.914],[90.671,22.915],[90.672,22.916],[90.672,22.916],[90.673,22.915],[90.673,22.915],[90.674,22.916],[90.675,22.916],[90.676,22.916],[90.677,22.915],[90.678,22.914],[90.678,22.913],[90.677,22.912],[90.676,22.91],[90.675,22.909],[90.674,22.908],[90.676,22.908],[90.677,22.909],[90.678,22.91],[90.679,22.912],[90.679,22.913],[90.678,22.917],[90.677,22.92],[90.676,22.921]]],[[[90.672,22.928],[90.672,22.929],[90.672,22.93],[90.671,22.93],[90.67,22.929],[90.671,22.928],[90.67,22.928],[90.669,22.928],[90.668,22.929],[90.668,22.929],[90.669,22.927],[90.671,22.926],[90.672,22.926],[90.672,22.927],[90.673,22.927],[90.672,22.928]]],[[[90.657,22.928],[90.654,22.93],[90.653,22.93],[90.652,22.928],[90.65,22.926],[90.649,22.926],[90.648,22.924],[90.648,22.923],[90.647,22.921],[90.648,22.921],[90.648,22.922],[90.649,22.923],[90.65,22.923],[90.65,22.922],[90.651,22.921],[90.649,22.92],[90.647,22.919],[90.646,22.919],[90.647,22.918],[90.648,22.918],[90.651,22.919],[90.652,22.921],[90.652,22.922],[90.653,22.926],[90.653,22.927],[90.654,22.927],[90.654,22.923],[90.655,22.922],[90.655,22.92],[90.654,22.919],[90.653,22.919],[90.652,22.917],[90.651,22.915],[90.649,22.913],[90.649,22.912],[90.65,22.911],[90.652,22.912],[90.652,22.913],[90.653,22.912],[90.653,22.91],[90.654,22.907],[90.655,22.905],[90.657,22.904],[90.659,22.902],[90.659,22.902],[90.66,22.904],[90.66,22.904],[90.661,22.906],[90.661,22.907],[90.661,22.908],[90.662,22.909],[90.661,22.913],[90.66,22.916],[90.661,22.917],[90.662,22.917],[90.661,22.92],[90.661,22.922],[90.66,22.924],[90.657,22.928]]],[[[90.642,22.93],[90.642,22.931],[90.642,22.933],[90.643,22.935],[90.642,22.936],[90.642,22.936],[90.641,22.935],[90.64,22.933],[90.64,22.932],[90.64,22.931],[90.641,22.93],[90.641,22.93],[90.642,22.93]]],[[[90.658,22.938],[90.657,22.939],[90.655,22.939],[90.654,22.939],[90.653,22.938],[90.653,22.936],[90.654,22.935],[90.655,22.934],[90.656,22.933],[90.656,22.934],[90.656,22.936],[90.656,22.936],[90.656,22.937],[90.657,22.937],[90.657,22.935],[90.658,22.934],[90.658,22.935],[90.658,22.936],[90.659,22.935],[90.659,22.935],[90.659,22.936],[90.658,22.938]]],[[[90.65,22.94],[90.651,22.94],[90.651,22.941],[90.651,22.942],[90.65,22.943],[90.648,22.942],[90.648,22.941],[90.648,22.94],[90.649,22.94],[90.65,22.94],[90.65,22.94]]],[[[90.677,22.931],[90.663,22.943],[90.686,22.911],[90.677,22.931]]],[[[90.458,23.004],[90.413,23],[90.474,22.983],[90.458,23.004]]],[[[90.598,23.015],[90.599,23.012],[90.599,23.011],[90.598,23.009],[90.598,23.007],[90.599,23.007],[90.601,23.008],[90.601,23.011],[90.598,23.015]]],[[[90.59,23.025],[90.59,23.023],[90.59,23.016],[90.59,23.008],[90.591,23.003],[90.591,23.002],[90.592,23.001],[90.593,23.001],[90.595,23.004],[90.595,23.006],[90.596,23.01],[90.596,23.016],[90.595,23.018],[90.595,23.018],[90.594,23.019],[90.593,23.02],[90.593,23.021],[90.592,23.022],[90.592,23.023],[90.592,23.023],[90.591,23.024],[90.59,23.024],[90.59,23.025]]],[[[90.476,23.008],[90.54,22.897],[90.588,22.921],[90.515,23.032],[90.476,23.008]]],[[[90.567,23.044],[90.567,23.036],[90.569,23.031],[90.571,23.026],[90.573,23.021],[90.577,23.013],[90.581,23.005],[90.582,23.001],[90.584,22.998],[90.585,22.995],[90.587,22.993],[90.588,22.993],[90.588,22.994],[90.588,22.997],[90.587,23.002],[90.587,23.005],[90.587,23.008],[90.588,23.014],[90.588,23.019],[90.587,23.02],[90.585,23.023],[90.586,23.023],[90.587,23.021],[90.588,23.021],[90.588,23.021],[90.589,23.024],[90.589,23.026],[90.588,23.026],[90.587,23.026],[90.587,23.027],[90.585,23.028],[90.577,23.034],[90.573,23.037],[90.569,23.041],[90.567,23.044]]],[[[90.528,23.058],[90.527,23.057],[90.526,23.057],[90.526,23.056],[90.526,23.053],[90.526,23.052],[90.527,23.052],[90.527,23.054],[90.528,23.055],[90.528,23.056],[90.528,23.057],[90.528,23.058]]],[[[90.566,23.045],[90.548,23.06],[90.542,23.035],[90.568,22.994],[90.55,23.019],[90.575,23],[90.566,23.045]]],[[[90.524,23.061],[90.525,23.062],[90.526,23.063],[90.527,23.063],[90.528,23.064],[90.528,23.065],[90.528,23.065],[90.528,23.065],[90.526,23.063],[90.524,23.063],[90.523,23.062],[90.523,23.061],[90.524,23.061]]],[[[90.498,23.049],[90.498,23.056],[90.498,23.065],[90.497,23.069],[90.487,23.067],[90.483,23.066],[90.483,23.065],[90.483,23.064],[90.483,23.064],[90.484,23.063],[90.484,23.062],[90.484,23.062],[90.485,23.061],[90.485,23.061],[90.485,23.06],[90.485,23.059],[90.486,23.059],[90.486,23.058],[90.486,23.057],[90.486,23.056],[90.487,23.056],[90.487,23.055],[90.487,23.055],[90.487,23.054],[90.487,23.053],[90.487,23.053],[90.487,23.052],[90.487,23.052],[90.487,23.051],[90.487,23.051],[90.487,23.051],[90.487,23.05],[90.492,23.05],[90.493,23.049],[90.493,23.049],[90.494,23.049],[90.494,23.049],[90.494,23.049],[90.495,23.049],[90.495,23.049],[90.496,23.049],[90.496,23.049],[90.496,23.049],[90.497,23.049],[90.497,23.049],[90.497,23.049],[90.498,23.049]]],[[[90.23,22.453],[90.314,22.484],[90.336,22.468],[90.363,22.504],[90.427,22.46],[90.457,22.536],[90.512,22.534],[90.515,22.56],[90.539,22.563],[90.477,22.579],[90.509,22.593],[90.503,22.696],[90.472,22.652],[90.504,22.708],[90.432,22.758],[90.43,22.782],[90.445,22.766],[90.454,22.787],[90.491,22.739],[90.494,22.789],[90.438,22.794],[90.454,22.863],[90.439,22.881],[90.466,22.803],[90.475,22.865],[90.529,22.899],[90.531,22.923],[90.472,22.978],[90.407,22.999],[90.423,23.038],[90.383,23.056],[90.316,23.053],[90.321,22.982],[90.257,22.964],[90.23,22.979],[90.221,23.065],[90.164,23.067],[90.135,23.05],[90.127,23.006],[90.095,23.007],[90.058,22.971],[90.057,22.932],[90.035,22.934],[90.019,22.889],[90.028,22.818],[90.054,22.827],[90.077,22.785],[90.168,22.747],[90.199,22.785],[90.255,22.752],[90.274,22.69],[90.32,22.673],[90.321,22.647],[90.374,22.647],[90.344,22.629],[90.383,22.594],[90.346,22.613],[90.351,22.567],[90.311,22.578],[90.197,22.49],[90.24,22.485],[90.23,22.453]]],[[[90.536,23.071],[90.535,23.071],[90.534,23.071],[90.533,23.071],[90.532,23.071],[90.532,23.07],[90.532,23.07],[90.531,23.069],[90.53,23.068],[90.531,23.067],[90.532,23.067],[90.533,23.069],[90.533,23.07],[90.535,23.07],[90.536,23.071]]],[[[90.522,23.072],[90.523,23.071],[90.523,23.071],[90.524,23.071],[90.527,23.071],[90.528,23.071],[90.528,23.072],[90.527,23.072],[90.526,23.072],[90.524,23.072],[90.523,23.072],[90.522,23.072]]]]}},{"type":"Feature","properties":{"district":"Bhola","name":"Bhola"},"geometry":{"type":"MultiPolygon","coordinates":[[[[90.772,21.856],[90.829,21.884],[90.804,21.915],[90.822,21.928],[90.772,21.856]]],[[[90.729,21.858],[90.756,21.932],[90.716,21.899],[90.729,21.858]]],[[[90.607,21.924],[90.605,21.902],[90.617,21.969],[90.607,21.924]]],[[[90.682,21.976],[90.633,21.975],[90.614,21.891],[90.68,21.93],[90.7,21.974],[90.682,21.976]]],[[[90.602,21.968],[90.603,21.972],[90.603,21.973],[90.601,21.975],[90.599,21.977],[90.596,21.979],[90.592,21.982],[90.587,21.984],[90.587,21.984],[90.587,21.983],[90.586,21.983],[90.586,21.982],[90.586,21.982],[90.586,21.982],[90.586,21.981],[90.586,21.981],[90.586,21.98],[90.585,21.98],[90.585,21.98],[90.585,21.979],[90.585,21.979],[90.585,21.978],[90.585,21.978],[90.585,21.978],[90.585,21.977],[90.585,21.977],[90.587,21.974],[90.587,21.974],[90.588,21.974],[90.588,21.974],[90.589,21.973],[90.589,21.973],[90.59,21.973],[90.59,21.973],[90.591,21.972],[90.592,21.972],[90.592,21.972],[90.593,21.972],[90.593,21.972],[90.594,21.971],[90.595,21.971],[90.596,21.971],[90.596,21.97],[90.597,21.97],[90.598,21.969],[90.599,21.969],[90.6,21.969],[90.601,21.968],[90.602,21.968]]],[[[90.868,21.977],[90.854,21.991],[90.831,21.965],[90.849,21.921],[90.868,21.977]]],[[[90.762,21.986],[90.765,21.988],[90.769,21.992],[90.773,21.995],[90.774,21.996],[90.774,21.996],[90.773,21.997],[90.772,21.997],[90.771,21.997],[90.765,21.996],[90.76,21.994],[90.757,21.993],[90.754,21.99],[90.754,21.989],[90.755,21.988],[90.757,21.987],[90.76,21.986],[90.762,21.986]]],[[[90.818,21.945],[90.83,21.997],[90.779,21.913],[90.818,21.945]]],[[[90.692,21.98],[90.709,21.997],[90.678,21.988],[90.692,21.98]]],[[[90.841,21.992],[90.842,21.993],[90.843,21.994],[90.845,21.996],[90.846,21.996],[90.847,21.997],[90.847,21.999],[90.845,22],[90.842,22.005],[90.84,22.009],[90.84,22.011],[90.839,22.012],[90.838,22.011],[90.837,22.007],[90.836,22.005],[90.836,22.001],[90.837,21.997],[90.838,21.997],[90.839,21.996],[90.839,21.993],[90.84,21.992],[90.84,21.992],[90.841,21.992]]],[[[90.714,22],[90.715,22.001],[90.718,22.003],[90.722,22.009],[90.726,22.013],[90.726,22.013],[90.726,22.014],[90.725,22.014],[90.721,22.01],[90.716,22.005],[90.712,22.003],[90.711,22.001],[90.712,22],[90.714,22]]],[[[90.781,22.003],[90.785,22.004],[90.787,22.006],[90.787,22.01],[90.788,22.013],[90.789,22.02],[90.789,22.023],[90.789,22.025],[90.788,22.025],[90.786,22.025],[90.782,22.024],[90.779,22.023],[90.776,22.022],[90.774,22.02],[90.773,22.016],[90.773,22.013],[90.773,22.009],[90.773,22.007],[90.771,22.006],[90.769,22.005],[90.769,22.004],[90.77,22.003],[90.777,22.003],[90.781,22.003]]],[[[90.59,21.987],[90.623,21.989],[90.592,22.03],[90.59,21.987]]],[[[90.729,22.018],[90.732,22.019],[90.734,22.02],[90.737,22.024],[90.742,22.03],[90.747,22.034],[90.753,22.04],[90.754,22.044],[90.755,22.047],[90.756,22.05],[90.757,22.053],[90.756,22.054],[90.755,22.054],[90.75,22.054],[90.747,22.053],[90.743,22.05],[90.741,22.048],[90.737,22.044],[90.735,22.04],[90.731,22.035],[90.726,22.026],[90.722,22.019],[90.721,22.017],[90.721,22.016],[90.722,22.015],[90.723,22.016],[90.725,22.017],[90.727,22.017],[90.729,22.018]]],[[[90.891,22.05],[90.894,22.052],[90.896,22.055],[90.898,22.06],[90.898,22.065],[90.897,22.07],[90.895,22.074],[90.894,22.076],[90.894,22.077],[90.894,22.08],[90.893,22.082],[90.894,22.083],[90.895,22.083],[90.895,22.084],[90.895,22.084],[90.894,22.086],[90.892,22.088],[90.89,22.091],[90.887,22.092],[90.885,22.092],[90.884,22.09],[90.881,22.085],[90.88,22.082],[90.879,22.074],[90.879,22.068],[90.878,22.063],[90.879,22.06],[90.879,22.057],[90.882,22.052],[90.885,22.05],[90.888,22.05],[90.891,22.05]]],[[[90.896,22.089],[90.895,22.09],[90.893,22.092],[90.892,22.095],[90.891,22.096],[90.891,22.097],[90.89,22.098],[90.889,22.098],[90.887,22.095],[90.886,22.094],[90.887,22.093],[90.891,22.093],[90.895,22.089],[90.895,22.089],[90.896,22.089]]],[[[90.879,22.1],[90.88,22.101],[90.881,22.103],[90.883,22.105],[90.886,22.106],[90.889,22.107],[90.891,22.107],[90.892,22.109],[90.894,22.115],[90.895,22.116],[90.896,22.117],[90.895,22.118],[90.895,22.123],[90.895,22.125],[90.894,22.125],[90.892,22.124],[90.888,22.121],[90.885,22.117],[90.885,22.116],[90.885,22.113],[90.884,22.112],[90.881,22.109],[90.879,22.106],[90.877,22.104],[90.876,22.102],[90.876,22.101],[90.879,22.1]]],[[[91.015,22.176],[91.015,22.176],[91.016,22.176],[91.016,22.177],[91.016,22.177],[91.017,22.178],[91.017,22.179],[91.017,22.18],[91.017,22.181],[91.017,22.182],[91.017,22.182],[91.018,22.182],[91.018,22.183],[91.018,22.184],[91.018,22.184],[91.018,22.185],[91.018,22.186],[91.018,22.186],[91.017,22.187],[91.017,22.183],[91.016,22.181],[91.016,22.179],[91.016,22.177],[91.015,22.176]]],[[[90.579,22.051],[90.608,22.108],[90.6,22.188],[90.57,22.153],[90.579,22.051]]],[[[90.587,22.189],[90.628,22.203],[90.631,22.243],[90.587,22.189]]],[[[91.014,22.27],[91.012,22.268],[91.01,22.262],[91.009,22.257],[91.01,22.249],[91.011,22.245],[91.013,22.242],[91.014,22.241],[91.015,22.242],[91.015,22.243],[91.015,22.245],[91.015,22.246],[91.015,22.246],[91.015,22.248],[91.014,22.249],[91.014,22.25],[91.014,22.251],[91.014,22.252],[91.014,22.253],[91.013,22.254],[91.013,22.257],[91.013,22.258],[91.013,22.259],[91.013,22.26],[91.013,22.261],[91.013,22.267],[91.013,22.268],[91.013,22.269],[91.014,22.27]]],[[[90.923,22.232],[90.924,22.233],[90.927,22.239],[90.928,22.242],[90.929,22.243],[90.931,22.246],[90.932,22.25],[90.935,22.257],[90.936,22.262],[90.937,22.266],[90.938,22.275],[90.939,22.279],[90.939,22.286],[90.939,22.287],[90.938,22.288],[90.936,22.288],[90.935,22.287],[90.933,22.285],[90.931,22.284],[90.932,22.283],[90.932,22.282],[90.932,22.28],[90.93,22.272],[90.928,22.263],[90.927,22.259],[90.925,22.253],[90.923,22.246],[90.921,22.239],[90.919,22.235],[90.92,22.233],[90.921,22.232],[90.923,22.232]]],[[[90.664,22.259],[90.666,22.26],[90.669,22.265],[90.671,22.269],[90.673,22.274],[90.673,22.28],[90.674,22.289],[90.674,22.29],[90.673,22.29],[90.673,22.29],[90.672,22.29],[90.671,22.289],[90.67,22.28],[90.669,22.274],[90.668,22.271],[90.667,22.268],[90.664,22.261],[90.664,22.259],[90.664,22.259]]],[[[90.873,22.288],[90.875,22.291],[90.874,22.292],[90.872,22.293],[90.87,22.293],[90.869,22.292],[90.87,22.29],[90.871,22.289],[90.873,22.288]]],[[[90.899,22.207],[90.899,22.209],[90.901,22.214],[90.902,22.222],[90.903,22.227],[90.904,22.234],[90.903,22.237],[90.903,22.239],[90.905,22.239],[90.906,22.24],[90.907,22.24],[90.907,22.242],[90.909,22.247],[90.91,22.253],[90.911,22.259],[90.911,22.263],[90.912,22.268],[90.913,22.276],[90.913,22.282],[90.913,22.285],[90.911,22.29],[90.911,22.294],[90.911,22.296],[90.91,22.297],[90.91,22.296],[90.909,22.294],[90.908,22.291],[90.906,22.285],[90.905,22.281],[90.902,22.275],[90.9,22.268],[90.898,22.261],[90.897,22.257],[90.895,22.251],[90.894,22.247],[90.894,22.245],[90.895,22.242],[90.895,22.24],[90.895,22.232],[90.895,22.227],[90.895,22.216],[90.897,22.209],[90.898,22.207],[90.899,22.207]]],[[[90.874,22.298],[90.877,22.298],[90.878,22.301],[90.879,22.302],[90.879,22.304],[90.88,22.305],[90.879,22.306],[90.878,22.306],[90.877,22.306],[90.875,22.305],[90.873,22.302],[90.872,22.3],[90.871,22.298],[90.872,22.297],[90.874,22.298]]],[[[90.965,22.3],[90.966,22.301],[90.967,22.305],[90.967,22.308],[90.966,22.312],[90.965,22.316],[90.963,22.316],[90.962,22.316],[90.961,22.313],[90.961,22.31],[90.962,22.306],[90.963,22.303],[90.964,22.301],[90.965,22.3]]],[[[91.011,22.284],[91.012,22.285],[91.014,22.289],[91.015,22.292],[91.016,22.295],[91.016,22.297],[91.013,22.303],[91.01,22.309],[91.006,22.314],[91.004,22.318],[91.002,22.322],[91.001,22.324],[91,22.324],[90.999,22.324],[90.998,22.322],[90.998,22.317],[91.001,22.306],[91.004,22.3],[91.006,22.293],[91.006,22.292],[91.008,22.286],[91.01,22.284],[91.011,22.284]]],[[[90.929,22.298],[90.932,22.299],[90.935,22.301],[90.938,22.303],[90.939,22.305],[90.939,22.307],[90.941,22.311],[90.94,22.314],[90.94,22.317],[90.939,22.32],[90.938,22.322],[90.938,22.325],[90.937,22.327],[90.937,22.328],[90.935,22.327],[90.933,22.326],[90.933,22.323],[90.934,22.319],[90.934,22.318],[90.934,22.316],[90.933,22.313],[90.931,22.31],[90.929,22.306],[90.927,22.303],[90.926,22.299],[90.926,22.298],[90.929,22.298]]],[[[90.889,22.319],[90.89,22.326],[90.889,22.328],[90.888,22.328],[90.883,22.325],[90.88,22.321],[90.878,22.317],[90.878,22.316],[90.879,22.316],[90.881,22.317],[90.882,22.318],[90.884,22.317],[90.885,22.316],[90.886,22.316],[90.887,22.316],[90.889,22.319]]],[[[91.019,22.293],[91.02,22.295],[91.02,22.297],[91.02,22.298],[91.02,22.301],[91.02,22.302],[91.02,22.303],[91.021,22.304],[91.021,22.306],[91.021,22.307],[91.021,22.308],[91.022,22.31],[91.022,22.31],[91.022,22.311],[91.022,22.312],[91.023,22.313],[91.023,22.313],[91.023,22.315],[91.024,22.316],[91.024,22.317],[91.024,22.319],[91.023,22.32],[91.022,22.323],[91.022,22.324],[91.022,22.325],[91.021,22.326],[91.021,22.328],[91.021,22.328],[91.02,22.329],[91.02,22.331],[91.019,22.332],[91.018,22.333],[91.013,22.335],[91.01,22.336],[91.009,22.336],[91.008,22.334],[91.008,22.329],[91.008,22.325],[91.009,22.32],[91.01,22.317],[91.011,22.315],[91.014,22.311],[91.015,22.309],[91.017,22.306],[91.018,22.3],[91.019,22.293]]],[[[90.858,22.332],[90.859,22.333],[90.859,22.335],[90.859,22.338],[90.858,22.34],[90.858,22.341],[90.857,22.344],[90.857,22.345],[90.856,22.344],[90.855,22.341],[90.854,22.337],[90.854,22.335],[90.856,22.333],[90.858,22.332]]],[[[90.991,22.329],[90.97,22.343],[90.959,22.253],[90.895,22.099],[90.91,22.072],[90.989,22.2],[90.991,22.329]]],[[[90.918,22.286],[90.92,22.287],[90.921,22.29],[90.922,22.293],[90.923,22.296],[90.925,22.304],[90.927,22.309],[90.93,22.314],[90.931,22.319],[90.932,22.324],[90.933,22.328],[90.935,22.331],[90.937,22.333],[90.937,22.338],[90.936,22.342],[90.933,22.346],[90.932,22.347],[90.93,22.347],[90.929,22.346],[90.927,22.342],[90.923,22.336],[90.92,22.329],[90.917,22.321],[90.915,22.316],[90.914,22.313],[90.911,22.306],[90.911,22.303],[90.913,22.299],[90.915,22.295],[90.916,22.294],[90.916,22.291],[90.917,22.286],[90.918,22.286]]],[[[90.674,22.293],[90.675,22.299],[90.676,22.305],[90.678,22.315],[90.679,22.326],[90.679,22.33],[90.679,22.339],[90.679,22.345],[90.68,22.35],[90.679,22.353],[90.678,22.354],[90.677,22.354],[90.676,22.354],[90.676,22.351],[90.675,22.346],[90.675,22.338],[90.675,22.33],[90.675,22.328],[90.675,22.322],[90.673,22.31],[90.672,22.303],[90.671,22.298],[90.671,22.293],[90.672,22.292],[90.674,22.292],[90.674,22.293]]],[[[90.679,22.355],[90.679,22.356],[90.678,22.356],[90.678,22.358],[90.677,22.36],[90.677,22.361],[90.676,22.362],[90.676,22.361],[90.676,22.361],[90.676,22.357],[90.677,22.356],[90.679,22.355]]],[[[90.661,22.356],[90.669,22.342],[90.661,22.382],[90.661,22.356]]],[[[90.891,22.355],[90.886,22.396],[90.871,22.334],[90.891,22.355]]],[[[90.668,22.389],[90.668,22.391],[90.667,22.395],[90.667,22.398],[90.665,22.401],[90.663,22.403],[90.661,22.404],[90.661,22.403],[90.661,22.4],[90.66,22.397],[90.66,22.396],[90.661,22.394],[90.664,22.393],[90.664,22.391],[90.664,22.39],[90.666,22.389],[90.667,22.388],[90.668,22.389]]],[[[90.99,22.391],[90.972,22.421],[90.949,22.397],[90.966,22.365],[90.992,22.366],[90.99,22.391]]],[[[90.661,22.408],[90.673,22.386],[90.668,22.438],[90.661,22.408]]],[[[90.645,22.452],[90.644,22.453],[90.643,22.456],[90.639,22.458],[90.636,22.459],[90.634,22.46],[90.635,22.46],[90.635,22.459],[90.635,22.459],[90.636,22.459],[90.636,22.458],[90.636,22.458],[90.637,22.458],[90.637,22.457],[90.638,22.457],[90.638,22.457],[90.638,22.457],[90.639,22.456],[90.639,22.456],[90.639,22.456],[90.64,22.455],[90.64,22.455],[90.641,22.454],[90.641,22.454],[90.642,22.453],[90.642,22.453],[90.643,22.453],[90.645,22.452]]],[[[90.951,22.465],[90.933,22.433],[90.948,22.418],[90.968,22.428],[90.951,22.465]]],[[[90.665,22.449],[90.666,22.451],[90.668,22.455],[90.67,22.458],[90.67,22.459],[90.67,22.459],[90.669,22.461],[90.669,22.461],[90.667,22.464],[90.665,22.465],[90.665,22.465],[90.664,22.465],[90.663,22.464],[90.664,22.463],[90.664,22.458],[90.664,22.453],[90.664,22.449],[90.665,22.449],[90.665,22.449]]],[[[90.897,22.451],[90.901,22.452],[90.903,22.454],[90.904,22.456],[90.906,22.46],[90.908,22.463],[90.909,22.466],[90.909,22.467],[90.907,22.467],[90.901,22.467],[90.899,22.467],[90.897,22.466],[90.893,22.464],[90.891,22.461],[90.891,22.458],[90.891,22.455],[90.893,22.451],[90.895,22.451],[90.897,22.451]]],[[[90.672,22.459],[90.672,22.46],[90.672,22.462],[90.672,22.463],[90.672,22.466],[90.672,22.468],[90.672,22.469],[90.671,22.47],[90.671,22.469],[90.671,22.467],[90.671,22.464],[90.672,22.46],[90.672,22.459],[90.672,22.459]]],[[[90.632,22.463],[90.633,22.464],[90.634,22.467],[90.635,22.47],[90.635,22.473],[90.634,22.475],[90.632,22.477],[90.628,22.478],[90.626,22.478],[90.622,22.477],[90.619,22.477],[90.618,22.476],[90.618,22.476],[90.618,22.476],[90.618,22.475],[90.618,22.475],[90.618,22.475],[90.618,22.475],[90.619,22.475],[90.619,22.474],[90.619,22.474],[90.619,22.474],[90.619,22.474],[90.619,22.474],[90.62,22.474],[90.62,22.474],[90.62,22.474],[90.62,22.473],[90.621,22.473],[90.621,22.473],[90.621,22.473],[90.622,22.473],[90.622,22.473],[90.622,22.473],[90.622,22.472],[90.623,22.472],[90.623,22.472],[90.623,22.472],[90.623,22.472],[90.624,22.472],[90.624,22.472],[90.624,22.472],[90.624,22.472],[90.625,22.471],[90.625,22.471],[90.625,22.471],[90.626,22.471],[90.626,22.471],[90.626,22.471],[90.626,22.471],[90.626,22.47],[90.626,22.47],[90.626,22.47],[90.626,22.47],[90.626,22.469],[90.627,22.469],[90.627,22.469],[90.627,22.469],[90.627,22.468],[90.627,22.468],[90.628,22.468],[90.628,22.467],[90.628,22.467],[90.628,22.467],[90.629,22.466],[90.629,22.466],[90.629,22.466],[90.629,22.466],[90.63,22.466],[90.63,22.465],[90.63,22.465],[90.63,22.465],[90.631,22.465],[90.631,22.464],[90.631,22.464],[90.632,22.464],[90.632,22.463],[90.632,22.463]]],[[[90.644,22.462],[90.645,22.464],[90.646,22.469],[90.646,22.472],[90.647,22.474],[90.647,22.476],[90.647,22.477],[90.643,22.478],[90.641,22.479],[90.636,22.481],[90.633,22.481],[90.633,22.48],[90.634,22.479],[90.638,22.477],[90.641,22.474],[90.642,22.472],[90.643,22.467],[90.643,22.463],[90.644,22.462]]],[[[90.671,22.479],[90.671,22.48],[90.671,22.482],[90.671,22.483],[90.67,22.484],[90.67,22.484],[90.67,22.483],[90.67,22.481],[90.67,22.48],[90.67,22.48],[90.67,22.479],[90.671,22.479]]],[[[90.884,22.517],[90.853,22.542],[90.865,22.495],[90.905,22.496],[90.884,22.517]]],[[[90.659,22.541],[90.66,22.542],[90.66,22.545],[90.66,22.546],[90.659,22.548],[90.657,22.549],[90.657,22.548],[90.657,22.545],[90.657,22.542],[90.659,22.541],[90.659,22.541]]],[[[90.85,22.537],[90.851,22.538],[90.85,22.541],[90.85,22.543],[90.851,22.544],[90.852,22.545],[90.852,22.545],[90.852,22.546],[90.851,22.547],[90.847,22.549],[90.844,22.551],[90.842,22.551],[90.841,22.55],[90.842,22.547],[90.842,22.546],[90.842,22.542],[90.842,22.538],[90.843,22.535],[90.845,22.529],[90.845,22.529],[90.846,22.529],[90.846,22.53],[90.846,22.532],[90.846,22.534],[90.845,22.535],[90.845,22.536],[90.846,22.536],[90.847,22.536],[90.848,22.537],[90.85,22.537]]],[[[90.641,22.553],[90.602,22.535],[90.636,22.489],[90.631,22.541],[90.644,22.529],[90.654,22.546],[90.617,22.549],[90.641,22.553]]],[[[90.586,22.547],[90.607,22.555],[90.575,22.57],[90.586,22.547]]],[[[90.932,22.497],[90.894,22.56],[90.842,22.571],[90.932,22.497]]],[[[90.62,22.577],[90.62,22.578],[90.62,22.58],[90.62,22.58],[90.619,22.579],[90.619,22.577],[90.619,22.576],[90.62,22.577]]],[[[90.575,22.571],[90.579,22.572],[90.584,22.571],[90.586,22.571],[90.588,22.571],[90.589,22.572],[90.586,22.573],[90.582,22.576],[90.578,22.579],[90.571,22.583],[90.566,22.586],[90.565,22.587],[90.562,22.588],[90.559,22.588],[90.558,22.588],[90.558,22.588],[90.559,22.587],[90.559,22.587],[90.559,22.587],[90.56,22.586],[90.56,22.586],[90.56,22.585],[90.561,22.585],[90.561,22.585],[90.561,22.585],[90.562,22.584],[90.562,22.584],[90.562,22.584],[90.562,22.583],[90.563,22.583],[90.563,22.582],[90.564,22.582],[90.564,22.581],[90.565,22.581],[90.565,22.58],[90.565,22.58],[90.566,22.58],[90.566,22.58],[90.567,22.579],[90.567,22.578],[90.569,22.577],[90.57,22.576],[90.571,22.575],[90.572,22.574],[90.573,22.573],[90.574,22.572],[90.575,22.571]]],[[[90.576,22.597],[90.576,22.597],[90.574,22.599],[90.572,22.6],[90.569,22.602],[90.568,22.602],[90.568,22.601],[90.57,22.6],[90.572,22.599],[90.574,22.598],[90.575,22.597],[90.576,22.597]]],[[[90.554,22.593],[90.592,22.573],[90.547,22.612],[90.554,22.593]]],[[[90.54,22.607],[90.541,22.608],[90.541,22.608],[90.542,22.61],[90.542,22.611],[90.543,22.614],[90.544,22.614],[90.545,22.615],[90.545,22.616],[90.543,22.617],[90.541,22.618],[90.537,22.618],[90.534,22.618],[90.533,22.618],[90.533,22.615],[90.534,22.611],[90.535,22.611],[90.535,22.611],[90.536,22.61],[90.536,22.61],[90.537,22.609],[90.538,22.609],[90.538,22.608],[90.539,22.608],[90.54,22.607]]],[[[90.527,22.615],[90.527,22.621],[90.528,22.626],[90.529,22.628],[90.531,22.634],[90.535,22.639],[90.535,22.641],[90.534,22.641],[90.531,22.641],[90.526,22.641],[90.526,22.64],[90.526,22.64],[90.526,22.639],[90.526,22.639],[90.526,22.638],[90.526,22.638],[90.526,22.637],[90.526,22.637],[90.526,22.637],[90.526,22.636],[90.526,22.635],[90.526,22.634],[90.526,22.634],[90.526,22.633],[90.526,22.633],[90.526,22.632],[90.526,22.632],[90.526,22.631],[90.526,22.63],[90.526,22.629],[90.526,22.628],[90.526,22.628],[90.526,22.627],[90.526,22.627],[90.525,22.626],[90.525,22.626],[90.525,22.626],[90.525,22.625],[90.525,22.624],[90.525,22.624],[90.525,22.623],[90.525,22.622],[90.525,22.622],[90.525,22.622],[90.525,22.621],[90.525,22.621],[90.526,22.62],[90.526,22.619],[90.526,22.618],[90.526,22.617],[90.527,22.616],[90.527,22.615],[90.527,22.615],[90.527,22.615],[90.527,22.615]]],[[[90.747,22.66],[90.747,22.661],[90.747,22.661],[90.747,22.662],[90.747,22.663],[90.745,22.665],[90.743,22.666],[90.741,22.666],[90.74,22.665],[90.741,22.663],[90.742,22.662],[90.743,22.661],[90.746,22.66],[90.747,22.66]]],[[[90.712,22.65],[90.712,22.652],[90.712,22.653],[90.711,22.656],[90.709,22.662],[90.708,22.664],[90.706,22.666],[90.704,22.667],[90.704,22.667],[90.703,22.664],[90.702,22.663],[90.702,22.661],[90.703,22.661],[90.704,22.66],[90.706,22.657],[90.708,22.654],[90.709,22.653],[90.711,22.651],[90.711,22.65],[90.712,22.65]]],[[[90.745,22.67],[90.742,22.674],[90.742,22.675],[90.741,22.68],[90.741,22.683],[90.741,22.684],[90.739,22.685],[90.737,22.686],[90.735,22.688],[90.734,22.687],[90.732,22.683],[90.731,22.68],[90.73,22.675],[90.73,22.672],[90.731,22.669],[90.731,22.669],[90.733,22.669],[90.734,22.67],[90.736,22.669],[90.738,22.668],[90.743,22.668],[90.745,22.668],[90.745,22.669],[90.745,22.67]]],[[[90.526,22.643],[90.534,22.676],[90.566,22.648],[90.566,22.699],[90.525,22.684],[90.526,22.643]]],[[[90.728,22.729],[90.705,22.752],[90.695,22.725],[90.721,22.679],[90.728,22.729]]],[[[90.69,22.749],[90.691,22.75],[90.691,22.751],[90.691,22.754],[90.691,22.755],[90.69,22.755],[90.689,22.754],[90.689,22.752],[90.689,22.75],[90.69,22.749],[90.69,22.749]]],[[[90.685,22.763],[90.684,22.763],[90.684,22.764],[90.684,22.764],[90.683,22.764],[90.682,22.764],[90.681,22.763],[90.681,22.762],[90.68,22.762],[90.679,22.761],[90.678,22.761],[90.678,22.761],[90.678,22.759],[90.678,22.758],[90.679,22.756],[90.679,22.755],[90.68,22.754],[90.682,22.753],[90.684,22.753],[90.684,22.753],[90.684,22.753],[90.684,22.754],[90.683,22.755],[90.682,22.756],[90.682,22.757],[90.683,22.757],[90.684,22.756],[90.685,22.756],[90.686,22.756],[90.686,22.756],[90.687,22.757],[90.687,22.758],[90.687,22.759],[90.686,22.759],[90.686,22.76],[90.687,22.76],[90.688,22.76],[90.688,22.761],[90.687,22.762],[90.686,22.763],[90.686,22.763],[90.686,22.763],[90.685,22.763]]],[[[90.687,22.779],[90.687,22.779],[90.686,22.78],[90.684,22.78],[90.683,22.779],[90.678,22.776],[90.676,22.774],[90.677,22.773],[90.678,22.773],[90.679,22.774],[90.679,22.773],[90.679,22.772],[90.681,22.772],[90.684,22.772],[90.685,22.773],[90.685,22.775],[90.686,22.777],[90.686,22.778],[90.687,22.777],[90.687,22.776],[90.688,22.776],[90.688,22.777],[90.687,22.779]]],[[[90.674,22.797],[90.674,22.798],[90.673,22.798],[90.671,22.797],[90.668,22.797],[90.667,22.797],[90.666,22.797],[90.663,22.796],[90.661,22.796],[90.658,22.795],[90.658,22.795],[90.66,22.794],[90.662,22.794],[90.664,22.795],[90.665,22.796],[90.666,22.796],[90.667,22.796],[90.667,22.796],[90.67,22.795],[90.671,22.795],[90.673,22.796],[90.674,22.797]]],[[[90.564,22.706],[90.58,22.653],[90.534,22.62],[90.622,22.559],[90.605,22.662],[90.622,22.567],[90.67,22.534],[90.677,22.275],[90.612,22.165],[90.623,22.114],[90.596,22.038],[90.629,21.994],[90.653,21.995],[90.705,22.011],[90.811,22.125],[90.865,22.423],[90.773,22.518],[90.753,22.603],[90.709,22.62],[90.726,22.62],[90.654,22.786],[90.601,22.808],[90.568,22.792],[90.564,22.706]]],[[[90.676,22.808],[90.675,22.809],[90.672,22.81],[90.67,22.81],[90.668,22.81],[90.666,22.81],[90.665,22.808],[90.661,22.807],[90.659,22.808],[90.656,22.807],[90.653,22.807],[90.652,22.806],[90.65,22.806],[90.647,22.806],[90.645,22.806],[90.644,22.806],[90.644,22.805],[90.645,22.803],[90.647,22.802],[90.648,22.8],[90.65,22.8],[90.653,22.8],[90.656,22.799],[90.659,22.798],[90.662,22.799],[90.662,22.801],[90.663,22.801],[90.665,22.801],[90.667,22.802],[90.668,22.802],[90.669,22.803],[90.671,22.804],[90.673,22.804],[90.674,22.803],[90.675,22.804],[90.675,22.805],[90.676,22.806],[90.676,22.808]]],[[[90.602,22.814],[90.676,22.817],[90.652,22.845],[90.602,22.814]]]]}},{"type":"Feature","properties":{"district":"Bogra","name":"Bogra"},"geometry":{"type":"Polygon","coordinates":[[[89.648,25.047],[89.515,25.04],[89.413,25.083],[89.389,25.047],[89.332,25.123],[89.302,25.12],[89.246,25.065],[89.236,25.02],[89.215,25.029],[89.191,24.995],[89.189,24.943],[89.103,24.971],[89.083,24.928],[89.098,24.891],[89.076,24.885],[89.09,24.875],[88.977,24.853],[88.962,24.745],[89.047,24.79],[89.087,24.786],[89.084,24.719],[89.13,24.714],[89.127,24.739],[89.151,24.738],[89.131,24.699],[89.166,24.677],[89.136,24.656],[89.149,24.617],[89.19,24.651],[89.225,24.58],[89.268,24.63],[89.329,24.599],[89.338,24.559],[89.46,24.542],[89.508,24.557],[89.52,24.536],[89.531,24.563],[89.591,24.554],[89.602,24.605],[89.549,24.618],[89.555,24.704],[89.624,24.685],[89.675,24.782],[89.715,24.777],[89.73,24.798],[89.685,24.828],[89.661,24.888],[89.686,24.903],[89.648,25.047]]]}},{"type":"Feature","properties":{"district":"Brahamanbaria","name":"Brahamanbaria","severity":"medium"},"geometry":{"type":"Polygon","coordinates":[[[91.303,23.997],[91.293,24.094],[91.267,24.094],[91.292,24.117],[91.262,24.146],[91.277,24.182],[91.313,24.183],[91.313,24.203],[91.277,24.203],[91.324,24.23],[91.325,24.261],[91.293,24.26],[91.286,24.223],[91.195,24.24],[91.174,24.265],[91.085,24.241],[91.091,24.212],[91.04,24.212],[90.986,24.157],[91.054,24.084],[90.974,24.02],[90.973,23.97],[90.918,23.879],[90.765,23.863],[90.767,23.805],[90.725,23.718],[90.777,23.683],[90.799,23.746],[90.871,23.719],[90.901,23.766],[91.035,23.796],[91.127,23.668],[91.199,23.647],[91.208,23.687],[91.154,23.689],[91.157,23.741],[91.219,23.737],[91.254,23.837],[91.233,23.927],[91.276,23.923],[91.264,23.944],[91.303,23.997]]]}},{"type":"Feature","properties":{"district":"Chandpur","name":"Chandpur","severity":"medium"},"geometry":{"type":"MultiPolygon","coordinates":[[[[90.612,23.017],[90.613,23.018],[90.614,23.019],[90.614,23.022],[90.615,23.024],[90.616,23.025],[90.617,23.029],[90.617,23.031],[90.617,23.033],[90.616,23.034],[90.616,23.035],[90.615,23.036],[90.613,23.036],[90.613,23.036],[90.612,23.033],[90.612,23.031],[90.611,23.027],[90.612,23.022],[90.612,23.02],[90.612,23.018],[90.612,23.017]]],[[[90.602,23.01],[90.603,23.013],[90.603,23.015],[90.603,23.016],[90.602,23.018],[90.601,23.019],[90.602,23.019],[90.603,23.019],[90.606,23.023],[90.608,23.027],[90.608,23.029],[90.607,23.031],[90.605,23.033],[90.603,23.035],[90.602,23.036],[90.601,23.036],[90.6,23.036],[90.6,23.035],[90.599,23.035],[90.599,23.035],[90.599,23.036],[90.599,23.037],[90.6,23.037],[90.598,23.038],[90.596,23.04],[90.596,23.042],[90.595,23.046],[90.595,23.047],[90.594,23.047],[90.594,23.047],[90.593,23.046],[90.592,23.046],[90.591,23.046],[90.591,23.045],[90.59,23.044],[90.589,23.043],[90.59,23.04],[90.591,23.039],[90.592,23.04],[90.593,23.039],[90.593,23.039],[90.593,23.039],[90.592,23.039],[90.591,23.038],[90.592,23.036],[90.592,23.034],[90.592,23.031],[90.593,23.03],[90.594,23.025],[90.595,23.022],[90.596,23.02],[90.595,23.021],[90.594,23.022],[90.594,23.023],[90.593,23.024],[90.592,23.025],[90.592,23.026],[90.592,23.029],[90.591,23.03],[90.59,23.031],[90.589,23.029],[90.589,23.027],[90.59,23.025],[90.59,23.024],[90.591,23.024],[90.592,23.023],[90.592,23.023],[90.592,23.022],[90.593,23.021],[90.593,23.02],[90.594,23.019],[90.595,23.018],[90.595,23.018],[90.598,23.015],[90.601,23.011],[90.602,23.01]]],[[[90.589,23.025],[90.588,23.028],[90.587,23.031],[90.586,23.033],[90.586,23.034],[90.586,23.035],[90.587,23.035],[90.588,23.033],[90.588,23.032],[90.588,23.033],[90.588,23.036],[90.588,23.037],[90.587,23.038],[90.587,23.04],[90.586,23.044],[90.585,23.047],[90.583,23.052],[90.582,23.053],[90.581,23.054],[90.581,23.056],[90.581,23.057],[90.58,23.058],[90.579,23.058],[90.576,23.059],[90.573,23.059],[90.572,23.058],[90.57,23.058],[90.568,23.057],[90.567,23.052],[90.567,23.044],[90.569,23.041],[90.573,23.037],[90.577,23.034],[90.585,23.028],[90.587,23.027],[90.587,23.026],[90.588,23.026],[90.589,23.026],[90.589,23.025]]],[[[90.566,23.045],[90.577,23.087],[90.548,23.06],[90.566,23.045]]],[[[90.59,23.096],[90.59,23.097],[90.591,23.099],[90.592,23.1],[90.592,23.102],[90.591,23.103],[90.591,23.104],[90.591,23.105],[90.591,23.107],[90.591,23.108],[90.59,23.109],[90.589,23.108],[90.587,23.108],[90.586,23.106],[90.586,23.106],[90.584,23.105],[90.582,23.102],[90.579,23.1],[90.577,23.097],[90.577,23.097],[90.576,23.096],[90.577,23.095],[90.576,23.094],[90.575,23.094],[90.574,23.093],[90.574,23.091],[90.575,23.09],[90.576,23.09],[90.577,23.089],[90.578,23.088],[90.579,23.088],[90.579,23.089],[90.58,23.091],[90.582,23.093],[90.585,23.094],[90.588,23.095],[90.589,23.095],[90.591,23.095],[90.592,23.096],[90.591,23.096],[90.59,23.096]]],[[[90.599,23.11],[90.584,23.052],[90.609,23.033],[90.62,23.077],[90.599,23.11]]],[[[90.579,23.113],[90.579,23.113],[90.578,23.114],[90.577,23.113],[90.576,23.112],[90.576,23.112],[90.576,23.112],[90.575,23.112],[90.575,23.112],[90.575,23.112],[90.575,23.112],[90.575,23.111],[90.575,23.111],[90.574,23.111],[90.573,23.111],[90.573,23.11],[90.573,23.107],[90.573,23.103],[90.573,23.102],[90.574,23.101],[90.574,23.099],[90.574,23.099],[90.574,23.099],[90.575,23.099],[90.577,23.102],[90.578,23.103],[90.58,23.104],[90.583,23.106],[90.584,23.107],[90.587,23.108],[90.587,23.109],[90.587,23.11],[90.587,23.111],[90.585,23.112],[90.584,23.112],[90.583,23.112],[90.582,23.113],[90.582,23.114],[90.58,23.113],[90.58,23.112],[90.579,23.112],[90.579,23.113]]],[[[90.556,23.135],[90.561,23.14],[90.567,23.147],[90.57,23.15],[90.572,23.152],[90.571,23.152],[90.57,23.151],[90.57,23.151],[90.569,23.151],[90.568,23.15],[90.567,23.149],[90.567,23.149],[90.567,23.149],[90.566,23.148],[90.566,23.148],[90.565,23.148],[90.565,23.147],[90.565,23.147],[90.564,23.147],[90.564,23.146],[90.562,23.145],[90.562,23.145],[90.561,23.144],[90.561,23.144],[90.561,23.143],[90.56,23.143],[90.56,23.143],[90.56,23.142],[90.56,23.142],[90.559,23.141],[90.559,23.141],[90.556,23.135]]],[[[90.641,23.145],[90.641,23.147],[90.641,23.149],[90.641,23.152],[90.641,23.153],[90.641,23.154],[90.641,23.155],[90.641,23.156],[90.641,23.157],[90.641,23.157],[90.64,23.157],[90.639,23.158],[90.638,23.157],[90.638,23.156],[90.639,23.155],[90.64,23.154],[90.64,23.153],[90.638,23.152],[90.638,23.151],[90.639,23.148],[90.64,23.146],[90.641,23.145],[90.641,23.145]]],[[[90.637,23.175],[90.639,23.177],[90.64,23.179],[90.641,23.181],[90.641,23.182],[90.641,23.183],[90.64,23.184],[90.638,23.184],[90.638,23.184],[90.637,23.183],[90.638,23.182],[90.638,23.182],[90.637,23.181],[90.637,23.18],[90.637,23.179],[90.637,23.178],[90.637,23.176],[90.636,23.175],[90.637,23.174],[90.637,23.175]]],[[[90.608,23.192],[90.609,23.193],[90.609,23.195],[90.609,23.196],[90.61,23.197],[90.61,23.197],[90.61,23.198],[90.609,23.199],[90.609,23.2],[90.608,23.2],[90.607,23.201],[90.605,23.202],[90.604,23.202],[90.604,23.2],[90.603,23.196],[90.603,23.195],[90.603,23.195],[90.604,23.194],[90.605,23.193],[90.606,23.192],[90.607,23.192],[90.608,23.192]]],[[[90.608,23.214],[90.609,23.216],[90.61,23.218],[90.61,23.219],[90.61,23.219],[90.609,23.219],[90.609,23.219],[90.609,23.221],[90.608,23.222],[90.607,23.223],[90.606,23.224],[90.605,23.225],[90.604,23.225],[90.604,23.225],[90.604,23.224],[90.603,23.224],[90.602,23.224],[90.602,23.224],[90.602,23.223],[90.603,23.223],[90.603,23.222],[90.603,23.222],[90.604,23.22],[90.604,23.22],[90.605,23.219],[90.605,23.218],[90.605,23.217],[90.606,23.217],[90.606,23.216],[90.606,23.216],[90.606,23.216],[90.607,23.216],[90.607,23.215],[90.607,23.215],[90.607,23.215],[90.607,23.214],[90.608,23.214],[90.608,23.214]]],[[[90.601,23.227],[90.602,23.227],[90.602,23.227],[90.603,23.226],[90.603,23.227],[90.602,23.229],[90.6,23.229],[90.599,23.229],[90.597,23.23],[90.596,23.229],[90.596,23.229],[90.596,23.229],[90.596,23.228],[90.596,23.228],[90.596,23.228],[90.596,23.228],[90.596,23.227],[90.596,23.227],[90.597,23.227],[90.597,23.227],[90.597,23.227],[90.598,23.227],[90.598,23.227],[90.599,23.227],[90.599,23.227],[90.6,23.227],[90.601,23.227]]],[[[90.597,23.231],[90.598,23.231],[90.598,23.232],[90.598,23.232],[90.598,23.232],[90.598,23.232],[90.598,23.232],[90.597,23.232],[90.597,23.231]]],[[[90.627,23.242],[90.628,23.243],[90.629,23.244],[90.629,23.245],[90.629,23.246],[90.628,23.247],[90.628,23.248],[90.627,23.248],[90.626,23.247],[90.626,23.245],[90.626,23.244],[90.626,23.243],[90.627,23.242]]],[[[90.637,23.254],[90.638,23.255],[90.637,23.256],[90.636,23.261],[90.636,23.261],[90.635,23.262],[90.635,23.263],[90.634,23.263],[90.634,23.264],[90.633,23.266],[90.632,23.268],[90.632,23.268],[90.632,23.269],[90.631,23.27],[90.63,23.271],[90.63,23.271],[90.629,23.271],[90.628,23.27],[90.627,23.27],[90.628,23.267],[90.63,23.263],[90.632,23.259],[90.635,23.254],[90.637,23.253],[90.637,23.254]]],[[[90.614,23.282],[90.613,23.282],[90.612,23.282],[90.611,23.281],[90.612,23.28],[90.613,23.279],[90.615,23.276],[90.617,23.273],[90.618,23.271],[90.619,23.271],[90.619,23.272],[90.619,23.273],[90.619,23.274],[90.618,23.275],[90.618,23.276],[90.617,23.276],[90.617,23.277],[90.616,23.278],[90.617,23.278],[90.617,23.279],[90.616,23.28],[90.615,23.281],[90.615,23.282],[90.614,23.282]]],[[[90.582,23.294],[90.581,23.295],[90.581,23.296],[90.581,23.296],[90.58,23.297],[90.578,23.298],[90.576,23.299],[90.575,23.298],[90.576,23.298],[90.577,23.297],[90.577,23.297],[90.576,23.296],[90.576,23.295],[90.575,23.294],[90.574,23.295],[90.574,23.296],[90.574,23.297],[90.573,23.298],[90.572,23.297],[90.572,23.296],[90.573,23.295],[90.574,23.294],[90.576,23.292],[90.578,23.289],[90.579,23.289],[90.581,23.287],[90.583,23.286],[90.584,23.285],[90.584,23.286],[90.584,23.287],[90.584,23.288],[90.585,23.288],[90.585,23.287],[90.586,23.287],[90.586,23.287],[90.587,23.288],[90.587,23.289],[90.587,23.289],[90.586,23.289],[90.585,23.289],[90.585,23.29],[90.584,23.291],[90.584,23.291],[90.583,23.292],[90.583,23.293],[90.582,23.294]]],[[[90.608,23.293],[90.587,23.284],[90.619,23.265],[90.608,23.293]]],[[[90.592,23.299],[90.591,23.299],[90.59,23.3],[90.589,23.301],[90.587,23.302],[90.586,23.302],[90.587,23.301],[90.588,23.301],[90.592,23.298],[90.594,23.297],[90.595,23.296],[90.596,23.296],[90.596,23.297],[90.596,23.297],[90.595,23.298],[90.593,23.299],[90.593,23.3],[90.592,23.3],[90.591,23.3],[90.592,23.299],[90.593,23.299],[90.592,23.299]]],[[[90.615,23.301],[90.614,23.303],[90.613,23.304],[90.613,23.304],[90.612,23.305],[90.612,23.306],[90.612,23.305],[90.612,23.304],[90.611,23.304],[90.611,23.303],[90.611,23.302],[90.611,23.301],[90.61,23.301],[90.61,23.301],[90.609,23.301],[90.609,23.301],[90.609,23.3],[90.609,23.3],[90.61,23.3],[90.61,23.3],[90.61,23.299],[90.61,23.298],[90.609,23.297],[90.61,23.296],[90.611,23.294],[90.612,23.293],[90.613,23.292],[90.613,23.291],[90.614,23.29],[90.615,23.289],[90.616,23.287],[90.617,23.287],[90.617,23.286],[90.617,23.285],[90.617,23.284],[90.619,23.282],[90.62,23.28],[90.621,23.278],[90.622,23.277],[90.622,23.276],[90.622,23.275],[90.622,23.274],[90.623,23.273],[90.624,23.272],[90.623,23.271],[90.622,23.271],[90.621,23.27],[90.62,23.27],[90.62,23.269],[90.621,23.268],[90.622,23.267],[90.624,23.265],[90.625,23.264],[90.627,23.263],[90.627,23.263],[90.627,23.264],[90.626,23.265],[90.626,23.266],[90.624,23.267],[90.623,23.268],[90.624,23.269],[90.625,23.268],[90.625,23.268],[90.626,23.267],[90.626,23.266],[90.627,23.266],[90.627,23.266],[90.627,23.268],[90.626,23.271],[90.624,23.274],[90.624,23.275],[90.625,23.276],[90.626,23.276],[90.626,23.277],[90.626,23.278],[90.626,23.278],[90.625,23.278],[90.626,23.279],[90.626,23.279],[90.626,23.279],[90.625,23.28],[90.625,23.28],[90.625,23.281],[90.625,23.281],[90.625,23.283],[90.624,23.283],[90.623,23.285],[90.623,23.287],[90.622,23.288],[90.622,23.289],[90.621,23.29],[90.62,23.292],[90.619,23.294],[90.618,23.296],[90.616,23.3],[90.615,23.301]]],[[[90.596,23.31],[90.596,23.311],[90.596,23.311],[90.595,23.312],[90.592,23.312],[90.591,23.313],[90.59,23.313],[90.59,23.312],[90.59,23.311],[90.591,23.311],[90.591,23.31],[90.59,23.31],[90.59,23.31],[90.591,23.309],[90.593,23.309],[90.594,23.309],[90.595,23.31],[90.596,23.31]]],[[[90.642,23.303],[90.642,23.303],[90.642,23.304],[90.642,23.304],[90.643,23.305],[90.643,23.305],[90.643,23.306],[90.643,23.307],[90.642,23.308],[90.641,23.309],[90.641,23.31],[90.641,23.311],[90.64,23.312],[90.64,23.312],[90.639,23.314],[90.638,23.315],[90.637,23.315],[90.636,23.315],[90.637,23.313],[90.638,23.309],[90.639,23.308],[90.64,23.306],[90.641,23.304],[90.642,23.303],[90.642,23.303],[90.642,23.303]]],[[[90.602,23.317],[90.602,23.317],[90.601,23.318],[90.6,23.318],[90.599,23.318],[90.598,23.317],[90.598,23.317],[90.599,23.316],[90.6,23.316],[90.601,23.316],[90.601,23.316],[90.601,23.316],[90.602,23.317]]],[[[90.569,23.324],[90.57,23.324],[90.57,23.325],[90.57,23.325],[90.569,23.325],[90.569,23.325],[90.569,23.324],[90.569,23.324]]],[[[90.627,23.32],[90.628,23.32],[90.628,23.321],[90.628,23.322],[90.627,23.324],[90.626,23.325],[90.624,23.329],[90.623,23.331],[90.621,23.332],[90.62,23.332],[90.62,23.332],[90.622,23.331],[90.623,23.329],[90.623,23.328],[90.623,23.326],[90.622,23.325],[90.623,23.324],[90.625,23.32],[90.626,23.32],[90.627,23.32]]],[[[90.637,23.328],[90.636,23.33],[90.634,23.333],[90.63,23.335],[90.626,23.336],[90.625,23.335],[90.626,23.333],[90.627,23.329],[90.629,23.327],[90.628,23.327],[90.628,23.327],[90.628,23.327],[90.628,23.327],[90.627,23.327],[90.627,23.327],[90.627,23.327],[90.627,23.327],[90.626,23.327],[90.626,23.327],[90.626,23.326],[90.626,23.326],[90.626,23.326],[90.626,23.326],[90.626,23.325],[90.626,23.325],[90.626,23.325],[90.627,23.325],[90.627,23.325],[90.627,23.325],[90.627,23.324],[90.628,23.324],[90.628,23.324],[90.628,23.324],[90.628,23.324],[90.629,23.324],[90.629,23.323],[90.629,23.323],[90.629,23.323],[90.629,23.323],[90.629,23.322],[90.629,23.322],[90.629,23.322],[90.629,23.322],[90.63,23.322],[90.63,23.321],[90.63,23.321],[90.63,23.321],[90.63,23.321],[90.63,23.321],[90.631,23.321],[90.631,23.321],[90.631,23.32],[90.631,23.32],[90.631,23.32],[90.631,23.32],[90.632,23.32],[90.632,23.32],[90.632,23.319],[90.632,23.319],[90.632,23.319],[90.633,23.319],[90.633,23.319],[90.633,23.318],[90.633,23.318],[90.633,23.318],[90.633,23.318],[90.633,23.317],[90.633,23.317],[90.633,23.317],[90.633,23.317],[90.633,23.316],[90.634,23.316],[90.634,23.316],[90.634,23.316],[90.634,23.316],[90.634,23.315],[90.634,23.316],[90.635,23.316],[90.635,23.316],[90.635,23.316],[90.635,23.316],[90.636,23.316],[90.636,23.316],[90.636,23.317],[90.636,23.317],[90.636,23.317],[90.636,23.317],[90.637,23.317],[90.637,23.317],[90.637,23.318],[90.637,23.318],[90.637,23.318],[90.637,23.318],[90.637,23.319],[90.638,23.319],[90.638,23.319],[90.639,23.319],[90.639,23.319],[90.638,23.32],[90.638,23.32],[90.637,23.321],[90.636,23.323],[90.636,23.324],[90.635,23.325],[90.636,23.326],[90.636,23.327],[90.637,23.326],[90.638,23.326],[90.638,23.326],[90.637,23.328]]],[[[90.688,23.492],[90.576,23.496],[90.578,23.451],[90.539,23.389],[90.591,23.336],[90.632,23.336],[90.626,23.356],[90.673,23.321],[90.673,23.35],[90.683,23.325],[90.639,23.333],[90.665,23.275],[90.637,23.227],[90.647,22.984],[90.67,23.015],[90.663,23.051],[90.693,23.063],[90.731,23.042],[90.792,23.078],[90.796,23.118],[90.847,23.167],[90.891,23.172],[90.964,23.128],[91.009,23.142],[91,23.182],[91.03,23.229],[90.956,23.348],[90.932,23.347],[90.93,23.377],[90.898,23.396],[90.877,23.454],[90.84,23.475],[90.736,23.415],[90.688,23.492]]]]}},{"type":"Feature","properties":{"district":"Chittagong","name":"Chittagong","severity":"high"},"geometry":{"type":"MultiPolygon","coordinates":[[[[91.874,22.151],[91.874,22.152],[91.874,22.153],[91.875,22.155],[91.877,22.157],[91.878,22.159],[91.879,22.159],[91.877,22.159],[91.873,22.16],[91.871,22.16],[91.87,22.159],[91.87,22.158],[91.87,22.154],[91.873,22.151],[91.874,22.151]]],[[[91.871,22.333],[91.872,22.335],[91.875,22.337],[91.879,22.341],[91.881,22.343],[91.883,22.346],[91.884,22.349],[91.885,22.352],[91.884,22.355],[91.883,22.358],[91.883,22.358],[91.878,22.355],[91.875,22.352],[91.873,22.347],[91.872,22.344],[91.871,22.339],[91.87,22.333],[91.87,22.333],[91.871,22.333]]],[[[91.879,22.367],[91.88,22.369],[91.88,22.37],[91.879,22.37],[91.879,22.368],[91.878,22.368],[91.879,22.367]]],[[[91.974,22.413],[91.974,22.414],[91.973,22.414],[91.971,22.415],[91.968,22.417],[91.965,22.418],[91.964,22.419],[91.96,22.42],[91.959,22.419],[91.961,22.417],[91.963,22.415],[91.965,22.414],[91.968,22.413],[91.972,22.413],[91.974,22.413]]],[[[91.399,22.423],[91.355,22.371],[91.405,22.382],[91.399,22.423]]],[[[91.34,22.518],[91.341,22.517],[91.343,22.517],[91.343,22.518],[91.343,22.52],[91.343,22.522],[91.342,22.523],[91.342,22.525],[91.341,22.526],[91.339,22.526],[91.34,22.518]]],[[[91.339,22.53],[91.355,22.547],[91.333,22.565],[91.339,22.53]]],[[[91.53,22.39],[91.568,22.409],[91.566,22.469],[91.476,22.595],[91.433,22.604],[91.42,22.523],[91.436,22.475],[91.48,22.4],[91.53,22.39]]],[[[91.357,22.602],[91.358,22.602],[91.358,22.603],[91.357,22.603],[91.356,22.603],[91.356,22.604],[91.355,22.605],[91.355,22.606],[91.353,22.607],[91.352,22.608],[91.352,22.609],[91.352,22.609],[91.352,22.61],[91.352,22.61],[91.351,22.61],[91.35,22.61],[91.349,22.609],[91.349,22.606],[91.349,22.604],[91.352,22.603],[91.353,22.603],[91.354,22.602],[91.355,22.602],[91.357,22.602]]],[[[91.332,22.566],[91.353,22.575],[91.344,22.611],[91.311,22.603],[91.332,22.566]]],[[[91.318,22.65],[91.389,22.627],[91.41,22.68],[91.338,22.732],[91.343,22.686],[91.318,22.65]]],[[[92.146,22.348],[92.099,22.4],[92.143,22.437],[92.081,22.609],[92.037,22.623],[92.013,22.605],[92.028,22.528],[91.981,22.483],[91.943,22.669],[91.924,22.699],[91.883,22.697],[91.887,22.766],[91.856,22.757],[91.857,22.778],[91.812,22.793],[91.793,22.769],[91.755,22.862],[91.716,22.887],[91.731,22.94],[91.713,22.989],[91.645,22.985],[91.62,22.939],[91.59,22.977],[91.566,22.947],[91.527,22.947],[91.539,22.93],[91.512,22.902],[91.459,22.902],[91.474,22.875],[91.443,22.802],[91.456,22.753],[91.709,22.488],[91.763,22.278],[91.8,22.226],[91.834,22.26],[91.794,22.297],[91.862,22.334],[91.891,22.406],[91.857,22.467],[91.881,22.478],[91.856,22.464],[91.893,22.406],[91.982,22.416],[91.911,22.414],[91.881,22.339],[91.798,22.291],[91.841,22.263],[91.812,22.208],[91.843,22.117],[91.85,22.155],[91.905,22.125],[91.868,22.159],[91.903,22.155],[91.918,22.188],[91.932,22.169],[91.978,22.177],[91.997,22.144],[91.971,22.155],[91.978,22.175],[91.918,22.185],[91.905,22.154],[91.877,22.15],[91.905,22.121],[91.847,22.15],[91.917,21.858],[91.972,21.904],[92.036,21.904],[92.04,21.924],[92.06,21.908],[92.119,21.935],[92.13,21.902],[92.175,21.91],[92.16,21.945],[92.214,21.974],[92.216,22.005],[92.177,22.024],[92.161,22.044],[92.176,22.064],[92.141,22.092],[92.173,22.113],[92.138,22.234],[92.146,22.348]]]]}},{"type":"Feature","properties":{"district":"Comilla","name":"Comilla","severity":"medium"},"geometry":{"type":"Polygon","coordinates":[[[90.741,23.693],[90.722,23.662],[90.64,23.675],[90.63,23.621],[90.667,23.592],[90.647,23.576],[90.711,23.516],[90.688,23.492],[90.734,23.416],[90.842,23.476],[90.877,23.454],[90.932,23.347],[90.956,23.348],[91.03,23.229],[90.985,23.118],[91.036,23.115],[91.079,23.072],[91.16,23.084],[91.185,23.06],[91.302,23.048],[91.372,23.069],[91.323,23.158],[91.313,23.306],[91.29,23.319],[91.32,23.36],[91.291,23.351],[91.249,23.49],[91.201,23.52],[91.213,23.551],[91.162,23.595],[91.156,23.669],[91.127,23.668],[91.035,23.795],[90.901,23.766],[90.871,23.719],[90.799,23.746],[90.775,23.714],[90.784,23.685],[90.741,23.693]]]}},{"type":"Feature","properties":{"district":"Cox's Bazar","name":"Cox's Bazar","severity":"high"},"geometry":{"type":"MultiPolygon","coordinates":[[[[92.327,20.635],[92.326,20.636],[92.325,20.635],[92.324,20.636],[92.323,20.635],[92.322,20.634],[92.319,20.634],[92.318,20.633],[92.317,20.632],[92.315,20.629],[92.315,20.628],[92.317,20.626],[92.319,20.625],[92.32,20.624],[92.322,20.622],[92.323,20.621],[92.324,20.62],[92.325,20.619],[92.325,20.618],[92.325,20.616],[92.325,20.615],[92.325,20.614],[92.325,20.613],[92.326,20.612],[92.326,20.611],[92.325,20.61],[92.326,20.609],[92.326,20.607],[92.327,20.605],[92.326,20.603],[92.325,20.602],[92.324,20.6],[92.324,20.598],[92.324,20.596],[92.325,20.593],[92.327,20.591],[92.328,20.591],[92.33,20.591],[92.332,20.591],[92.332,20.592],[92.331,20.595],[92.332,20.598],[92.332,20.601],[92.331,20.603],[92.331,20.604],[92.33,20.606],[92.329,20.607],[92.329,20.61],[92.329,20.611],[92.328,20.614],[92.327,20.617],[92.326,20.619],[92.327,20.622],[92.327,20.625],[92.326,20.628],[92.327,20.632],[92.327,20.634],[92.327,20.635]]],[[[92.287,20.904],[92.287,20.905],[92.286,20.909],[92.284,20.912],[92.282,20.916],[92.28,20.92],[92.278,20.923],[92.275,20.925],[92.273,20.926],[92.272,20.924],[92.272,20.921],[92.275,20.917],[92.277,20.913],[92.28,20.91],[92.284,20.905],[92.286,20.904],[92.287,20.904]]],[[[92.266,20.982],[92.267,20.984],[92.266,20.988],[92.264,20.993],[92.264,20.993],[92.263,20.99],[92.264,20.986],[92.265,20.983],[92.266,20.982],[92.266,20.982]]],[[[91.971,21.502],[91.973,21.503],[91.973,21.504],[91.972,21.505],[91.971,21.505],[91.97,21.505],[91.967,21.504],[91.966,21.504],[91.966,21.503],[91.967,21.502],[91.969,21.502],[91.971,21.502]]],[[[91.851,21.523],[91.851,21.524],[91.851,21.525],[91.849,21.527],[91.848,21.528],[91.847,21.529],[91.847,21.529],[91.846,21.527],[91.846,21.525],[91.848,21.524],[91.849,21.523],[91.851,21.523]]],[[[91.841,21.528],[91.841,21.528],[91.841,21.529],[91.841,21.532],[91.841,21.533],[91.842,21.534],[91.841,21.536],[91.841,21.537],[91.842,21.538],[91.842,21.539],[91.841,21.54],[91.84,21.539],[91.838,21.537],[91.838,21.535],[91.838,21.533],[91.84,21.529],[91.841,21.528],[91.841,21.528]]],[[[91.992,21.594],[91.994,21.596],[91.995,21.598],[91.998,21.6],[91.999,21.602],[91.998,21.605],[91.997,21.607],[91.996,21.608],[91.995,21.606],[91.994,21.604],[91.992,21.601],[91.991,21.598],[91.991,21.596],[91.992,21.594],[91.992,21.594]]],[[[91.863,21.601],[91.866,21.622],[91.851,21.582],[91.863,21.601]]],[[[92.006,21.602],[92.008,21.604],[92.009,21.606],[92.008,21.612],[92.006,21.617],[92.002,21.622],[92.001,21.624],[92.001,21.621],[92.003,21.614],[92.005,21.608],[92.005,21.601],[92.006,21.601],[92.006,21.602]]],[[[91.883,21.644],[91.885,21.644],[91.886,21.645],[91.886,21.646],[91.885,21.646],[91.884,21.646],[91.884,21.645],[91.883,21.645],[91.882,21.644],[91.882,21.643],[91.883,21.644]]],[[[91.87,21.923],[91.846,21.899],[91.834,21.721],[91.895,21.861],[91.87,21.923]]],[[[92.06,21.908],[92.04,21.924],[92.036,21.904],[91.972,21.904],[91.923,21.876],[91.855,21.684],[91.882,21.647],[91.879,21.686],[91.905,21.699],[91.88,21.684],[91.892,21.645],[91.859,21.567],[91.891,21.545],[91.85,21.531],[91.913,21.47],[91.938,21.488],[91.903,21.503],[91.977,21.51],[91.992,21.613],[91.947,21.716],[92.02,21.607],[91.992,21.57],[92.02,21.498],[92.002,21.516],[91.97,21.458],[91.97,21.476],[91.949,21.459],[92.035,21.329],[92.046,21.185],[92.179,21.021],[92.306,20.775],[92.35,20.74],[92.27,20.919],[92.258,21.079],[92.2,21.124],[92.199,21.161],[92.176,21.16],[92.166,21.221],[92.193,21.267],[92.126,21.4],[92.164,21.432],[92.202,21.391],[92.247,21.403],[92.239,21.475],[92.16,21.533],[92.185,21.568],[92.174,21.6],[92.147,21.596],[92.099,21.644],[92.112,21.666],[92.092,21.688],[92.116,21.741],[92.158,21.735],[92.176,21.789],[92.212,21.786],[92.206,21.814],[92.168,21.845],[92.19,21.777],[92.178,21.792],[92.165,21.775],[92.081,21.81],[92.083,21.877],[92.06,21.908]]]]}},{"type":"Feature","properties":{"district":"Dhaka","name":"Dhaka"},"geometry":{"type":"Polygon","coordinates":[[[90.148,24.034],[90.025,24.021],[90.017,24.044],[90.005,24.016],[90.056,24],[90.038,23.972],[90.074,23.96],[90.068,23.908],[90.108,23.896],[90.151,23.828],[90.245,23.839],[90.219,23.748],[90.256,23.716],[90.188,23.717],[90.146,23.748],[90.115,23.717],[90.051,23.726],[90.007,23.644],[90.045,23.629],[90.046,23.574],[90.13,23.565],[90.174,23.525],[90.25,23.654],[90.286,23.674],[90.345,23.637],[90.39,23.65],[90.43,23.609],[90.471,23.63],[90.452,23.675],[90.513,23.71],[90.471,23.784],[90.488,23.818],[90.46,23.895],[90.35,23.882],[90.341,23.956],[90.26,23.971],[90.246,24.033],[90.24,24.009],[90.176,24],[90.148,24.034]]]}},{"type":"Feature","properties":{"district":"Faridpur","name":"Faridpur"},"geometry":{"type":"Polygon","coordinates":[[[90.008,23.635],[89.898,23.674],[89.865,23.719],[89.846,23.701],[89.813,23.722],[89.79,23.683],[89.721,23.673],[89.728,23.619],[89.755,23.598],[89.741,23.583],[89.67,23.585],[89.657,23.61],[89.63,23.588],[89.563,23.604],[89.546,23.56],[89.52,23.587],[89.497,23.579],[89.538,23.536],[89.5,23.52],[89.494,23.477],[89.526,23.513],[89.606,23.472],[89.604,23.339],[89.645,23.299],[89.623,23.295],[89.669,23.278],[89.637,23.262],[89.635,23.235],[89.67,23.244],[89.688,23.21],[89.751,23.275],[89.729,23.304],[89.765,23.29],[89.827,23.348],[89.871,23.321],[89.905,23.342],[89.921,23.308],[89.961,23.329],[89.954,23.36],[90.019,23.325],[90.004,23.303],[90.019,23.287],[90.034,23.341],[90.068,23.305],[90.093,23.312],[90.109,23.454],[90.182,23.498],[90.13,23.565],[90.046,23.574],[90.045,23.629],[90.008,23.635]]]}},{"type":"Feature","properties":{"district":"Feni","name":"Feni","severity":"medium"},"geometry":{"type":"MultiPolygon","coordinates":[[[[91.45,22.778],[91.45,22.77],[91.452,22.761],[91.454,22.758],[91.454,22.764],[91.452,22.774],[91.45,22.778]]],[[[91.379,22.779],[91.382,22.779],[91.386,22.778],[91.389,22.777],[91.39,22.776],[91.392,22.775],[91.394,22.775],[91.395,22.776],[91.395,22.777],[91.393,22.779],[91.392,22.78],[91.39,22.781],[91.386,22.783],[91.382,22.784],[91.378,22.785],[91.377,22.784],[91.377,22.784],[91.378,22.783],[91.378,22.783],[91.378,22.782],[91.378,22.781],[91.378,22.781],[91.379,22.781],[91.379,22.78],[91.379,22.78],[91.379,22.78],[91.379,22.779]]],[[[91.331,22.817],[91.311,22.816],[91.328,22.798],[91.331,22.817]]],[[[91.33,22.847],[91.325,22.845],[91.323,22.844],[91.322,22.843],[91.323,22.842],[91.326,22.842],[91.329,22.844],[91.331,22.845],[91.331,22.846],[91.33,22.846],[91.33,22.846],[91.33,22.847]]],[[[91.466,22.848],[91.417,22.813],[91.447,22.785],[91.466,22.848]]],[[[91.332,22.821],[91.336,22.84],[91.311,22.845],[91.332,22.821]]],[[[91.577,22.965],[91.542,23],[91.55,23.039],[91.53,23.038],[91.515,23.145],[91.491,23.158],[91.503,23.192],[91.471,23.197],[91.484,23.209],[91.451,23.22],[91.47,23.228],[91.454,23.261],[91.418,23.256],[91.409,23.285],[91.38,23.185],[91.417,23.065],[91.259,23.055],[91.248,22.894],[91.266,22.882],[91.341,22.913],[91.353,22.896],[91.328,22.882],[91.352,22.853],[91.338,22.859],[91.333,22.796],[91.368,22.802],[91.424,22.757],[91.405,22.808],[91.465,22.855],[91.459,22.902],[91.512,22.902],[91.539,22.93],[91.527,22.947],[91.577,22.965]]]]}},{"type":"Feature","properties":{"district":"Gaibandha","name":"Gaibandha"},"geometry":{"type":"Polygon","coordinates":[[[89.648,25.047],[89.652,25.144],[89.701,25.232],[89.749,25.236],[89.756,25.281],[89.722,25.356],[89.748,25.387],[89.701,25.39],[89.687,25.415],[89.707,25.467],[89.67,25.489],[89.698,25.496],[89.681,25.517],[89.698,25.534],[89.616,25.569],[89.587,25.557],[89.536,25.59],[89.536,25.649],[89.497,25.622],[89.494,25.576],[89.471,25.599],[89.413,25.588],[89.403,25.534],[89.438,25.538],[89.442,25.488],[89.38,25.444],[89.33,25.322],[89.343,25.304],[89.256,25.286],[89.299,25.223],[89.216,25.236],[89.184,25.185],[89.252,25.097],[89.28,25.088],[89.332,25.123],[89.389,25.047],[89.413,25.083],[89.515,25.04],[89.648,25.047]]]}},{"type":"Feature","properties":{"district":"Gazipur","name":"Gazipur"},"geometry":{"type":"Polygon","coordinates":[[[90.471,23.847],[90.526,23.897],[90.554,23.886],[90.56,23.911],[90.614,23.928],[90.658,24.014],[90.64,24.106],[90.703,24.108],[90.676,24.116],[90.695,24.14],[90.672,24.205],[90.683,24.244],[90.622,24.269],[90.573,24.246],[90.521,24.288],[90.529,24.303],[90.443,24.341],[90.402,24.283],[90.325,24.299],[90.29,24.278],[90.29,24.226],[90.226,24.163],[90.23,24.106],[90.173,24.108],[90.147,24.026],[90.176,24],[90.24,24.009],[90.246,24.033],[90.26,23.971],[90.341,23.956],[90.35,23.882],[90.458,23.896],[90.471,23.847]]]}},{"type":"Feature","properties":{"district":"Gopalganj","name":"Gopalganj"},"geometry":{"type":"Polygon","coordinates":[[[89.944,22.856],[90.018,22.87],[90.058,22.971],[90.095,23.007],[90.127,23.006],[90.144,23.048],[90.115,23.034],[90.11,23.067],[90.132,23.071],[90.108,23.077],[90.109,23.117],[90.042,23.106],[90.012,23.139],[89.984,23.11],[89.936,23.118],[89.985,23.218],[90.023,23.24],[90.025,23.287],[90.004,23.303],[90.019,23.325],[89.952,23.36],[89.961,23.329],[89.917,23.308],[89.905,23.342],[89.871,23.321],[89.827,23.348],[89.765,23.29],[89.728,23.303],[89.751,23.275],[89.679,23.181],[89.695,23.162],[89.733,23.186],[89.765,23.178],[89.732,23.168],[89.739,23.13],[89.673,23.123],[89.736,23.073],[89.762,23.008],[89.797,22.996],[89.801,22.941],[89.865,22.903],[89.851,22.888],[89.919,22.881],[89.944,22.856]]]}},{"type":"Feature","properties":{"district":"Habiganj","name":"Habiganj","severity":"high"},"geometry":{"type":"MultiPolygon","coordinates":[[[[91.303,23.997],[91.304,23.997],[91.303,23.997],[91.303,23.997],[91.303,23.997],[91.303,23.997],[91.303,23.997]]],[[[91.303,23.997],[91.379,23.975],[91.397,24.05],[91.375,24.108],[91.586,24.073],[91.594,24.097],[91.638,24.103],[91.645,24.174],[91.613,24.249],[91.631,24.335],[91.625,24.364],[91.603,24.363],[91.602,24.415],[91.621,24.417],[91.613,24.502],[91.654,24.546],[91.63,24.587],[91.608,24.586],[91.661,24.592],[91.661,24.626],[91.632,24.631],[91.657,24.68],[91.627,24.656],[91.58,24.675],[91.576,24.645],[91.484,24.671],[91.442,24.651],[91.429,24.682],[91.351,24.689],[91.351,24.667],[91.305,24.654],[91.294,24.597],[91.272,24.605],[91.211,24.521],[91.15,24.481],[91.193,24.481],[91.191,24.466],[91.226,24.483],[91.242,24.427],[91.217,24.432],[91.214,24.403],[91.238,24.407],[91.256,24.379],[91.213,24.362],[91.235,24.316],[91.17,24.315],[91.159,24.283],[91.196,24.291],[91.177,24.257],[91.267,24.223],[91.302,24.267],[91.329,24.25],[91.277,24.203],[91.313,24.203],[91.313,24.183],[91.277,24.182],[91.262,24.146],[91.292,24.117],[91.267,24.094],[91.293,24.094],[91.303,23.997]]]]}},{"type":"Feature","properties":{"district":"Jamalpur","name":"Jamalpur"},"geometry":{"type":"Polygon","coordinates":[[[89.715,24.777],[89.781,24.763],[89.774,24.717],[89.799,24.68],[89.765,24.614],[89.811,24.567],[89.853,24.62],[89.842,24.645],[89.899,24.681],[89.88,24.742],[89.936,24.757],[89.981,24.725],[90.032,24.777],[90.139,24.779],[90.189,24.828],[90.2,24.859],[90.182,24.866],[90.202,24.879],[90.155,24.905],[89.981,24.917],[89.938,24.96],[89.904,24.958],[89.882,25.035],[89.925,25.063],[89.895,25.113],[89.91,25.172],[89.885,25.187],[89.905,25.264],[89.931,25.261],[89.946,25.303],[89.832,25.296],[89.826,25.415],[89.767,25.433],[89.78,25.388],[89.722,25.356],[89.756,25.281],[89.749,25.236],[89.701,25.231],[89.639,25.09],[89.686,24.903],[89.661,24.888],[89.685,24.828],[89.73,24.798],[89.715,24.777]]]}},{"type":"Feature","properties":{"district":"Jhalokati","name":"Jhalokati"},"geometry":{"type":"Polygon","coordinates":[[[90.19,22.48],[90.311,22.578],[90.351,22.567],[90.346,22.613],[90.385,22.597],[90.344,22.629],[90.373,22.649],[90.321,22.647],[90.32,22.673],[90.274,22.69],[90.255,22.752],[90.192,22.787],[90.188,22.742],[90.138,22.674],[90.097,22.656],[90.104,22.599],[90.056,22.58],[90.063,22.505],[90.133,22.484],[90.101,22.445],[90.077,22.44],[90.064,22.465],[90.06,22.443],[90.027,22.444],[90.039,22.402],[90.019,22.371],[90.056,22.357],[90.051,22.337],[90.093,22.345],[90.175,22.431],[90.19,22.48]]]}},{"type":"Feature","properties":{"district":"Khagrachhari","name":"Khagrachhari","severity":"high"},"geometry":{"type":"MultiPolygon","coordinates":[[[[91.785,23.234],[91.785,23.234]]],[[[91.785,23.234],[91.784,23.234],[91.784,23.234],[91.784,23.234],[91.784,23.234],[91.784,23.234],[91.785,23.234]]],[[[91.928,22.689],[92.001,22.727],[91.981,22.834],[92.118,22.959],[92.072,23.073],[92.181,23.102],[92.134,23.205],[92.125,23.319],[92.048,23.366],[92.137,23.43],[92.115,23.557],[92.074,23.648],[92.008,23.664],[91.96,23.735],[91.957,23.694],[91.934,23.684],[91.969,23.477],[91.937,23.467],[91.943,23.435],[91.9,23.441],[91.845,23.405],[91.825,23.352],[91.764,23.309],[91.813,23.099],[91.836,23.093],[91.806,23.063],[91.774,23.07],[91.781,23.029],[91.768,23.041],[91.712,22.987],[91.731,22.941],[91.716,22.887],[91.755,22.862],[91.793,22.769],[91.812,22.793],[91.857,22.778],[91.856,22.757],[91.887,22.766],[91.883,22.697],[91.928,22.689]]]]}},{"type":"Feature","properties":{"district":"Khulna","name":"Khulna"},"geometry":{"type":"MultiPolygon","coordinates":[[[[89.34,21.696],[89.343,21.697],[89.344,21.698],[89.346,21.699],[89.349,21.703],[89.349,21.704],[89.348,21.705],[89.348,21.706],[89.347,21.707],[89.346,21.708],[89.344,21.709],[89.342,21.711],[89.341,21.713],[89.34,21.715],[89.339,21.718],[89.338,21.718],[89.336,21.718],[89.335,21.716],[89.334,21.712],[89.333,21.708],[89.331,21.705],[89.33,21.702],[89.331,21.701],[89.333,21.698],[89.334,21.697],[89.338,21.696],[89.34,21.696]]],[[[89.384,21.873],[89.348,21.806],[89.361,21.755],[89.395,21.798],[89.36,21.752],[89.398,21.721],[89.426,21.736],[89.406,21.756],[89.438,21.75],[89.473,21.808],[89.415,21.816],[89.464,21.819],[89.45,21.847],[89.406,21.848],[89.384,21.873]]],[[[89.336,21.79],[89.364,21.884],[89.311,21.853],[89.336,21.79]]],[[[89.322,21.862],[89.326,21.863],[89.332,21.866],[89.336,21.868],[89.339,21.869],[89.345,21.873],[89.349,21.876],[89.353,21.879],[89.357,21.882],[89.357,21.884],[89.357,21.884],[89.351,21.882],[89.343,21.879],[89.336,21.877],[89.331,21.874],[89.325,21.869],[89.322,21.866],[89.319,21.863],[89.319,21.862],[89.322,21.862]]],[[[89.404,21.922],[89.381,21.922],[89.382,21.879],[89.423,21.848],[89.45,21.874],[89.404,21.922]]],[[[89.415,21.986],[89.375,21.953],[89.451,21.875],[89.422,21.851],[89.456,21.852],[89.471,21.902],[89.446,21.908],[89.457,21.934],[89.415,21.986]]],[[[89.489,21.998],[89.442,22.062],[89.422,21.97],[89.461,21.939],[89.454,21.909],[89.504,21.915],[89.456,21.95],[89.464,21.966],[89.457,21.95],[89.476,21.937],[89.482,21.958],[89.477,21.935],[89.507,21.934],[89.465,21.996],[89.502,21.969],[89.489,21.998]]],[[[89.39,22.056],[89.354,22.032],[89.386,21.923],[89.398,21.94],[89.373,21.956],[89.402,21.971],[89.385,22.006],[89.399,21.982],[89.418,22.019],[89.412,21.989],[89.433,21.989],[89.427,22.027],[89.39,22.056]]],[[[89.496,22.03],[89.515,22.08],[89.479,22.05],[89.496,22.03]]],[[[89.473,22.049],[89.513,22.081],[89.489,22.091],[89.444,22.064],[89.473,22.049]]],[[[89.307,22.107],[89.277,22.113],[89.263,22.09],[89.299,22.099],[89.342,22.058],[89.307,22.107]]],[[[89.507,22.092],[89.506,22.094],[89.505,22.095],[89.503,22.099],[89.502,22.101],[89.502,22.102],[89.501,22.105],[89.501,22.107],[89.5,22.108],[89.5,22.11],[89.5,22.111],[89.5,22.113],[89.499,22.115],[89.499,22.116],[89.499,22.118],[89.499,22.12],[89.499,22.121],[89.498,22.123],[89.497,22.125],[89.497,22.128],[89.496,22.131],[89.495,22.132],[89.493,22.134],[89.491,22.137],[89.489,22.138],[89.488,22.14],[89.485,22.142],[89.483,22.144],[89.48,22.144],[89.477,22.143],[89.475,22.142],[89.472,22.14],[89.471,22.138],[89.471,22.136],[89.471,22.131],[89.471,22.127],[89.472,22.121],[89.473,22.119],[89.475,22.114],[89.477,22.111],[89.479,22.107],[89.481,22.104],[89.482,22.102],[89.485,22.098],[89.487,22.095],[89.489,22.093],[89.493,22.092],[89.496,22.092],[89.498,22.092],[89.5,22.091],[89.501,22.091],[89.502,22.09],[89.504,22.09],[89.506,22.089],[89.508,22.088],[89.509,22.088],[89.509,22.088],[89.508,22.089],[89.508,22.09],[89.507,22.092]]],[[[89.443,22.16],[89.383,22.115],[89.377,22.066],[89.427,22.029],[89.449,22.075],[89.413,22.111],[89.43,22.139],[89.419,22.101],[89.45,22.076],[89.485,22.09],[89.443,22.16]]],[[[89.333,22.124],[89.323,22.184],[89.278,22.117],[89.318,22.108],[89.345,22.064],[89.29,22.062],[89.347,21.972],[89.343,22.031],[89.385,22.09],[89.349,22.132],[89.333,22.124]]],[[[89.457,22.224],[89.458,22.247],[89.395,22.22],[89.394,22.201],[89.462,22.148],[89.434,22.183],[89.472,22.163],[89.457,22.224]]],[[[89.457,22.252],[89.479,22.273],[89.423,22.347],[89.41,22.304],[89.434,22.279],[89.415,22.238],[89.457,22.252]]],[[[89.749,22.964],[89.652,22.983],[89.611,22.956],[89.567,22.992],[89.514,22.928],[89.46,23.008],[89.439,23.008],[89.396,22.933],[89.341,22.92],[89.353,22.835],[89.322,22.828],[89.289,22.862],[89.247,22.84],[89.248,22.811],[89.299,22.788],[89.332,22.729],[89.301,22.683],[89.26,22.717],[89.262,22.669],[89.302,22.647],[89.276,22.631],[89.29,22.623],[89.259,22.658],[89.243,22.638],[89.265,22.595],[89.235,22.548],[89.285,22.477],[89.241,22.437],[89.24,22.373],[89.264,22.378],[89.273,22.348],[89.251,22.339],[89.282,22.287],[89.314,22.284],[89.292,22.255],[89.303,22.217],[89.33,22.201],[89.332,22.217],[89.33,22.133],[89.378,22.1],[89.405,22.13],[89.377,22.138],[89.383,22.181],[89.36,22.191],[89.384,22.182],[89.379,22.138],[89.406,22.134],[89.429,22.166],[89.365,22.215],[89.402,22.209],[89.39,22.242],[89.419,22.227],[89.412,22.258],[89.346,22.264],[89.414,22.259],[89.426,22.275],[89.39,22.291],[89.427,22.282],[89.362,22.321],[89.419,22.291],[89.365,22.393],[89.421,22.324],[89.388,22.399],[89.423,22.354],[89.439,22.386],[89.424,22.412],[89.449,22.406],[89.434,22.357],[89.474,22.305],[89.456,22.339],[89.486,22.339],[89.478,22.404],[89.469,22.373],[89.497,22.344],[89.46,22.334],[89.493,22.266],[89.486,22.304],[89.516,22.302],[89.487,22.303],[89.476,22.232],[89.518,22.101],[89.544,22.098],[89.539,22.152],[89.551,22.112],[89.527,22.096],[89.51,22.017],[89.532,21.995],[89.584,22.125],[89.542,22.203],[89.525,22.198],[89.535,22.242],[89.528,22.197],[89.573,22.244],[89.504,22.372],[89.578,22.241],[89.629,22.366],[89.532,22.609],[89.556,22.678],[89.579,22.669],[89.57,22.691],[89.603,22.702],[89.585,22.717],[89.611,22.774],[89.654,22.755],[89.676,22.813],[89.711,22.825],[89.695,22.874],[89.728,22.896],[89.749,22.964]]]]}},{"type":"Feature","properties":{"district":"Kishoreganj","name":"Kishoreganj"},"geometry":{"type":"Polygon","coordinates":[[[91.174,24.265],[91.196,24.29],[91.159,24.283],[91.17,24.315],[91.235,24.316],[91.213,24.362],[91.256,24.379],[91.238,24.407],[91.214,24.403],[91.217,24.432],[91.242,24.427],[91.226,24.483],[91.191,24.466],[91.193,24.481],[91.15,24.479],[91.211,24.521],[91.234,24.569],[91.179,24.617],[91.192,24.638],[91.13,24.642],[91.129,24.61],[91.105,24.6],[91.03,24.63],[91.018,24.603],[90.927,24.616],[90.907,24.595],[90.821,24.589],[90.794,24.508],[90.743,24.51],[90.722,24.471],[90.703,24.518],[90.678,24.467],[90.604,24.499],[90.574,24.482],[90.587,24.448],[90.646,24.416],[90.618,24.339],[90.65,24.257],[90.779,24.244],[90.786,24.193],[90.871,24.14],[90.846,24.112],[90.913,24.075],[90.945,24.084],[90.962,24.033],[91.054,24.084],[90.99,24.163],[91.04,24.212],[91.091,24.212],[91.085,24.241],[91.174,24.265]]]}},{"type":"Feature","properties":{"district":"Kurigram","name":"Kurigram"},"geometry":{"type":"MultiPolygon","coordinates":[[[[89.517,26.026],[89.517,26.027],[89.517,26.027],[89.516,26.026],[89.516,26.026],[89.516,26.026],[89.515,26.026],[89.515,26.026],[89.515,26.026],[89.515,26.026],[89.515,26.026],[89.514,26.026],[89.513,26.026],[89.513,26.025],[89.512,26.025],[89.512,26.025],[89.512,26.025],[89.511,26.025],[89.511,26.024],[89.511,26.024],[89.511,26.024],[89.511,26.024],[89.511,26.023],[89.511,26.023],[89.511,26.023],[89.512,26.023],[89.512,26.023],[89.512,26.022],[89.512,26.022],[89.512,26.022],[89.512,26.022],[89.512,26.021],[89.512,26.021],[89.512,26.021],[89.513,26.021],[89.513,26.02],[89.513,26.02],[89.513,26.02],[89.513,26.019],[89.513,26.019],[89.514,26.019],[89.514,26.018],[89.514,26.018],[89.515,26.017],[89.515,26.016],[89.515,26.016],[89.515,26.015],[89.515,26.015],[89.515,26.014],[89.515,26.014],[89.514,26.013],[89.514,26.012],[89.514,26.012],[89.514,26.011],[89.514,26.011],[89.514,26.011],[89.514,26.011],[89.515,26.011],[89.515,26.011],[89.515,26.011],[89.516,26.011],[89.516,26.011],[89.516,26.012],[89.517,26.012],[89.517,26.013],[89.517,26.013],[89.517,26.014],[89.517,26.014],[89.517,26.015],[89.517,26.015],[89.517,26.016],[89.517,26.016],[89.517,26.016],[89.517,26.016],[89.517,26.017],[89.517,26.017],[89.517,26.018],[89.518,26.018],[89.518,26.018],[89.518,26.018],[89.518,26.019],[89.518,26.019],[89.518,26.019],[89.518,26.019],[89.519,26.02],[89.519,26.02],[89.519,26.02],[89.519,26.02],[89.519,26.02],[89.519,26.02],[89.52,26.02],[89.52,26.021],[89.52,26.021],[89.52,26.021],[89.52,26.021],[89.521,26.021],[89.521,26.022],[89.521,26.022],[89.521,26.023],[89.522,26.023],[89.522,26.024],[89.522,26.024],[89.522,26.025],[89.522,26.025],[89.522,26.025],[89.521,26.026],[89.521,26.026],[89.521,26.026],[89.521,26.026],[89.521,26.026],[89.52,26.026],[89.52,26.026],[89.519,26.026],[89.519,26.027],[89.519,26.027],[89.518,26.027],[89.518,26.027],[89.517,26.026]]],[[[89.565,26.061],[89.564,26.061],[89.563,26.061],[89.562,26.061],[89.561,26.061],[89.561,26.062],[89.56,26.062],[89.56,26.062],[89.559,26.062],[89.559,26.063],[89.559,26.063],[89.559,26.063],[89.558,26.063],[89.558,26.064],[89.558,26.064],[89.558,26.064],[89.557,26.064],[89.557,26.064],[89.557,26.065],[89.557,26.065],[89.556,26.065],[89.556,26.065],[89.556,26.065],[89.556,26.066],[89.555,26.066],[89.555,26.066],[89.554,26.065],[89.554,26.065],[89.553,26.065],[89.553,26.065],[89.552,26.065],[89.552,26.064],[89.552,26.063],[89.552,26.063],[89.552,26.063],[89.552,26.062],[89.552,26.062],[89.552,26.062],[89.552,26.061],[89.552,26.06],[89.552,26.06],[89.552,26.059],[89.552,26.059],[89.552,26.058],[89.552,26.057],[89.553,26.057],[89.553,26.056],[89.554,26.056],[89.554,26.055],[89.554,26.055],[89.554,26.054],[89.555,26.054],[89.555,26.053],[89.556,26.052],[89.556,26.052],[89.557,26.051],[89.557,26.051],[89.558,26.051],[89.558,26.05],[89.559,26.05],[89.559,26.05],[89.559,26.05],[89.56,26.05],[89.561,26.05],[89.561,26.05],[89.562,26.05],[89.563,26.05],[89.563,26.051],[89.564,26.051],[89.565,26.051],[89.565,26.051],[89.566,26.051],[89.567,26.051],[89.567,26.052],[89.568,26.052],[89.568,26.052],[89.569,26.053],[89.569,26.053],[89.57,26.054],[89.57,26.054],[89.57,26.054],[89.57,26.054],[89.571,26.053],[89.571,26.053],[89.571,26.052],[89.571,26.052],[89.572,26.053],[89.572,26.053],[89.572,26.054],[89.572,26.055],[89.573,26.056],[89.573,26.057],[89.574,26.058],[89.574,26.059],[89.574,26.06],[89.574,26.06],[89.574,26.06],[89.574,26.061],[89.574,26.061],[89.573,26.061],[89.573,26.062],[89.573,26.062],[89.573,26.063],[89.572,26.063],[89.571,26.062],[89.57,26.062],[89.57,26.062],[89.568,26.061],[89.567,26.061],[89.567,26.061],[89.566,26.061],[89.565,26.061]]],[[[89.502,26.07],[89.502,26.07],[89.501,26.07],[89.501,26.07],[89.5,26.07],[89.5,26.07],[89.499,26.07],[89.499,26.07],[89.499,26.069],[89.498,26.069],[89.498,26.069],[89.498,26.068],[89.498,26.068],[89.498,26.067],[89.498,26.067],[89.498,26.067],[89.499,26.066],[89.499,26.066],[89.499,26.066],[89.499,26.066],[89.499,26.066],[89.5,26.066],[89.5,26.065],[89.5,26.065],[89.5,26.065],[89.5,26.065],[89.5,26.064],[89.501,26.064],[89.501,26.064],[89.501,26.064],[89.502,26.063],[89.502,26.063],[89.502,26.063],[89.502,26.063],[89.502,26.062],[89.502,26.062],[89.502,26.061],[89.502,26.061],[89.503,26.06],[89.503,26.06],[89.503,26.059],[89.504,26.059],[89.504,26.059],[89.504,26.059],[89.505,26.058],[89.505,26.058],[89.505,26.058],[89.506,26.058],[89.506,26.058],[89.506,26.058],[89.507,26.058],[89.507,26.058],[89.507,26.058],[89.508,26.058],[89.508,26.058],[89.508,26.058],[89.509,26.058],[89.509,26.058],[89.51,26.058],[89.51,26.058],[89.51,26.057],[89.511,26.057],[89.512,26.058],[89.512,26.058],[89.513,26.059],[89.513,26.059],[89.513,26.059],[89.514,26.06],[89.514,26.06],[89.514,26.061],[89.514,26.061],[89.514,26.062],[89.514,26.062],[89.514,26.063],[89.514,26.063],[89.514,26.063],[89.514,26.064],[89.514,26.064],[89.514,26.065],[89.515,26.065],[89.515,26.065],[89.514,26.065],[89.514,26.066],[89.514,26.066],[89.514,26.066],[89.514,26.066],[89.513,26.066],[89.513,26.066],[89.513,26.066],[89.512,26.067],[89.512,26.066],[89.512,26.067],[89.512,26.067],[89.512,26.067],[89.511,26.067],[89.511,26.067],[89.511,26.067],[89.511,26.067],[89.511,26.067],[89.51,26.067],[89.51,26.067],[89.51,26.067],[89.509,26.067],[89.509,26.067],[89.509,26.067],[89.508,26.067],[89.508,26.067],[89.507,26.067],[89.507,26.068],[89.507,26.068],[89.507,26.068],[89.506,26.068],[89.506,26.069],[89.506,26.069],[89.506,26.069],[89.505,26.069],[89.505,26.069],[89.505,26.069],[89.505,26.07],[89.505,26.07],[89.505,26.07],[89.504,26.07],[89.504,26.07],[89.504,26.07],[89.504,26.07],[89.503,26.07],[89.503,26.07],[89.503,26.07],[89.503,26.07],[89.502,26.07],[89.502,26.07],[89.502,26.07]]],[[[89.621,26.068],[89.621,26.069],[89.621,26.069],[89.621,26.07],[89.62,26.071],[89.62,26.072],[89.619,26.073],[89.619,26.074],[89.619,26.074],[89.619,26.075],[89.619,26.075],[89.618,26.075],[89.618,26.076],[89.618,26.076],[89.618,26.077],[89.618,26.077],[89.617,26.077],[89.617,26.078],[89.617,26.078],[89.617,26.079],[89.618,26.079],[89.618,26.08],[89.618,26.08],[89.618,26.08],[89.617,26.08],[89.617,26.08],[89.616,26.08],[89.616,26.079],[89.616,26.079],[89.616,26.078],[89.616,26.078],[89.616,26.078],[89.616,26.078],[89.615,26.077],[89.615,26.077],[89.615,26.077],[89.614,26.077],[89.614,26.077],[89.614,26.077],[89.613,26.076],[89.613,26.076],[89.613,26.075],[89.613,26.075],[89.613,26.074],[89.613,26.074],[89.613,26.073],[89.613,26.073],[89.612,26.073],[89.612,26.073],[89.612,26.073],[89.611,26.072],[89.612,26.072],[89.612,26.071],[89.613,26.07],[89.613,26.069],[89.614,26.068],[89.614,26.068],[89.614,26.067],[89.615,26.067],[89.616,26.067],[89.617,26.067],[89.617,26.067],[89.617,26.067],[89.617,26.068],[89.617,26.068],[89.617,26.068],[89.618,26.068],[89.618,26.067],[89.619,26.067],[89.619,26.067],[89.62,26.067],[89.62,26.068],[89.621,26.068]]],[[[89.604,26.125],[89.603,26.125],[89.604,26.125]]],[[[89.604,26.125],[89.604,26.126],[89.604,26.125]]],[[[89.703,26.177],[89.703,26.178],[89.703,26.179],[89.703,26.18],[89.703,26.181],[89.703,26.181],[89.703,26.182],[89.702,26.182],[89.702,26.183],[89.702,26.183],[89.701,26.183],[89.7,26.184],[89.7,26.184],[89.699,26.184],[89.699,26.183],[89.699,26.183],[89.698,26.182],[89.698,26.182],[89.698,26.181],[89.699,26.18],[89.699,26.179],[89.699,26.179],[89.7,26.178],[89.701,26.178],[89.702,26.177],[89.702,26.177],[89.702,26.177],[89.703,26.177]]],[[[89.586,26.184],[89.586,26.185],[89.587,26.185],[89.587,26.186],[89.587,26.186],[89.588,26.188],[89.588,26.188],[89.588,26.189],[89.587,26.189],[89.587,26.189],[89.586,26.19],[89.586,26.19],[89.585,26.189],[89.585,26.188],[89.584,26.186],[89.584,26.185],[89.583,26.185],[89.583,26.184],[89.583,26.184],[89.584,26.184],[89.586,26.184]]],[[[89.604,26.192],[89.604,26.193],[89.604,26.193],[89.603,26.193],[89.603,26.193],[89.602,26.193],[89.602,26.193],[89.602,26.192],[89.602,26.192],[89.602,26.192],[89.603,26.191],[89.603,26.191],[89.602,26.191],[89.602,26.191],[89.602,26.191],[89.601,26.192],[89.601,26.192],[89.6,26.192],[89.6,26.192],[89.599,26.192],[89.599,26.192],[89.599,26.192],[89.598,26.192],[89.598,26.192],[89.597,26.192],[89.597,26.192],[89.597,26.192],[89.597,26.192],[89.596,26.191],[89.596,26.191],[89.596,26.191],[89.596,26.191],[89.595,26.192],[89.595,26.192],[89.595,26.192],[89.594,26.192],[89.593,26.192],[89.593,26.192],[89.593,26.191],[89.593,26.191],[89.592,26.191],[89.592,26.191],[89.592,26.19],[89.591,26.19],[89.591,26.19],[89.591,26.19],[89.59,26.19],[89.59,26.19],[89.59,26.189],[89.59,26.189],[89.589,26.189],[89.589,26.188],[89.59,26.188],[89.59,26.187],[89.59,26.186],[89.59,26.186],[89.59,26.186],[89.589,26.185],[89.589,26.185],[89.589,26.185],[89.589,26.185],[89.589,26.184],[89.589,26.184],[89.589,26.184],[89.588,26.183],[89.588,26.183],[89.588,26.183],[89.588,26.182],[89.588,26.182],[89.588,26.182],[89.589,26.182],[89.589,26.182],[89.59,26.182],[89.59,26.183],[89.591,26.183],[89.591,26.184],[89.591,26.184],[89.591,26.184],[89.591,26.185],[89.592,26.185],[89.592,26.184],[89.592,26.184],[89.593,26.184],[89.593,26.184],[89.593,26.183],[89.592,26.183],[89.592,26.182],[89.592,26.182],[89.592,26.181],[89.591,26.181],[89.591,26.181],[89.591,26.18],[89.59,26.18],[89.59,26.18],[89.59,26.18],[89.59,26.18],[89.59,26.18],[89.589,26.181],[89.589,26.181],[89.588,26.181],[89.588,26.181],[89.588,26.181],[89.588,26.181],[89.587,26.18],[89.587,26.18],[89.587,26.18],[89.587,26.179],[89.587,26.179],[89.587,26.179],[89.587,26.178],[89.587,26.177],[89.588,26.177],[89.588,26.176],[89.589,26.176],[89.589,26.176],[89.589,26.176],[89.59,26.176],[89.59,26.176],[89.591,26.177],[89.591,26.177],[89.592,26.177],[89.593,26.177],[89.593,26.177],[89.594,26.176],[89.595,26.176],[89.595,26.176],[89.596,26.176],[89.596,26.175],[89.597,26.175],[89.597,26.174],[89.597,26.175],[89.598,26.175],[89.598,26.175],[89.598,26.175],[89.599,26.175],[89.599,26.175],[89.599,26.176],[89.6,26.176],[89.6,26.176],[89.601,26.176],[89.601,26.176],[89.601,26.176],[89.601,26.176],[89.601,26.176],[89.602,26.176],[89.602,26.176],[89.602,26.176],[89.602,26.175],[89.602,26.175],[89.603,26.174],[89.603,26.174],[89.603,26.173],[89.603,26.173],[89.604,26.174],[89.604,26.174],[89.604,26.175],[89.604,26.175],[89.604,26.175],[89.604,26.176],[89.603,26.176],[89.603,26.176],[89.604,26.176],[89.604,26.176],[89.605,26.176],[89.605,26.176],[89.605,26.176],[89.605,26.176],[89.606,26.175],[89.606,26.175],[89.606,26.175],[89.607,26.175],[89.607,26.176],[89.607,26.176],[89.607,26.176],[89.607,26.176],[89.606,26.176],[89.606,26.177],[89.605,26.177],[89.605,26.177],[89.604,26.177],[89.604,26.177],[89.604,26.178],[89.605,26.178],[89.605,26.178],[89.605,26.179],[89.604,26.179],[89.603,26.179],[89.603,26.179],[89.602,26.179],[89.602,26.179],[89.601,26.179],[89.601,26.179],[89.6,26.18],[89.6,26.18],[89.6,26.18],[89.599,26.18],[89.6,26.181],[89.6,26.181],[89.601,26.182],[89.601,26.182],[89.602,26.182],[89.603,26.181],[89.603,26.181],[89.603,26.181],[89.604,26.182],[89.604,26.182],[89.604,26.182],[89.604,26.182],[89.604,26.183],[89.605,26.183],[89.605,26.183],[89.605,26.184],[89.605,26.184],[89.605,26.184],[89.606,26.184],[89.606,26.184],[89.606,26.185],[89.606,26.185],[89.606,26.185],[89.606,26.186],[89.606,26.186],[89.606,26.186],[89.606,26.186],[89.606,26.186],[89.606,26.186],[89.606,26.187],[89.606,26.187],[89.605,26.187],[89.605,26.187],[89.605,26.188],[89.605,26.188],[89.605,26.188],[89.605,26.189],[89.605,26.19],[89.605,26.19],[89.605,26.19],[89.605,26.191],[89.605,26.191],[89.605,26.191],[89.605,26.191],[89.605,26.192],[89.605,26.192],[89.605,26.193],[89.605,26.193],[89.604,26.193],[89.604,26.192]]],[[[89.622,26.2],[89.622,26.201],[89.621,26.201],[89.621,26.201],[89.62,26.201],[89.62,26.201],[89.619,26.2],[89.619,26.2],[89.619,26.2],[89.619,26.2],[89.62,26.199],[89.62,26.199],[89.62,26.198],[89.62,26.198],[89.62,26.197],[89.619,26.197],[89.619,26.197],[89.618,26.198],[89.618,26.198],[89.617,26.198],[89.617,26.198],[89.616,26.198],[89.616,26.198],[89.615,26.198],[89.615,26.197],[89.614,26.197],[89.614,26.197],[89.614,26.197],[89.614,26.196],[89.614,26.195],[89.614,26.195],[89.614,26.194],[89.614,26.194],[89.614,26.193],[89.614,26.193],[89.614,26.193],[89.615,26.193],[89.615,26.192],[89.615,26.192],[89.615,26.192],[89.615,26.191],[89.616,26.191],[89.616,26.19],[89.616,26.19],[89.616,26.19],[89.616,26.19],[89.615,26.19],[89.615,26.19],[89.614,26.19],[89.614,26.191],[89.613,26.191],[89.613,26.191],[89.612,26.192],[89.612,26.192],[89.612,26.192],[89.611,26.192],[89.611,26.192],[89.61,26.192],[89.61,26.192],[89.61,26.192],[89.61,26.192],[89.609,26.192],[89.609,26.192],[89.609,26.192],[89.609,26.191],[89.609,26.191],[89.609,26.191],[89.61,26.191],[89.61,26.19],[89.61,26.19],[89.611,26.19],[89.611,26.19],[89.611,26.19],[89.612,26.189],[89.613,26.19],[89.613,26.19],[89.614,26.19],[89.615,26.189],[89.615,26.189],[89.616,26.189],[89.617,26.188],[89.617,26.188],[89.618,26.187],[89.618,26.187],[89.619,26.186],[89.619,26.186],[89.619,26.187],[89.619,26.187],[89.62,26.187],[89.62,26.187],[89.62,26.188],[89.619,26.188],[89.619,26.189],[89.619,26.19],[89.619,26.19],[89.619,26.191],[89.619,26.191],[89.618,26.191],[89.618,26.191],[89.618,26.191],[89.618,26.191],[89.618,26.192],[89.618,26.192],[89.618,26.193],[89.618,26.194],[89.618,26.194],[89.618,26.194],[89.619,26.194],[89.619,26.195],[89.619,26.195],[89.62,26.195],[89.62,26.195],[89.62,26.196],[89.62,26.196],[89.62,26.197],[89.62,26.197],[89.621,26.197],[89.621,26.198],[89.622,26.198],[89.622,26.198],[89.622,26.198],[89.623,26.199],[89.623,26.199],[89.623,26.199],[89.623,26.2],[89.623,26.2],[89.623,26.2],[89.623,26.2],[89.622,26.2],[89.622,26.2]]],[[[89.598,26.197],[89.598,26.198],[89.598,26.199],[89.598,26.2],[89.597,26.2],[89.597,26.2],[89.597,26.201],[89.596,26.201],[89.596,26.201],[89.595,26.202],[89.595,26.202],[89.594,26.203],[89.594,26.203],[89.593,26.202],[89.593,26.202],[89.592,26.202],[89.592,26.201],[89.591,26.201],[89.591,26.2],[89.591,26.2],[89.591,26.199],[89.591,26.198],[89.591,26.198],[89.591,26.197],[89.591,26.197],[89.591,26.197],[89.59,26.198],[89.59,26.198],[89.59,26.198],[89.589,26.198],[89.589,26.197],[89.59,26.197],[89.59,26.196],[89.59,26.196],[89.591,26.195],[89.591,26.195],[89.592,26.195],[89.592,26.194],[89.593,26.194],[89.593,26.194],[89.594,26.194],[89.595,26.194],[89.596,26.194],[89.596,26.194],[89.597,26.194],[89.598,26.193],[89.598,26.193],[89.598,26.193],[89.599,26.194],[89.599,26.194],[89.599,26.195],[89.599,26.196],[89.598,26.197]]],[[[89.611,26.205],[89.61,26.205],[89.61,26.205],[89.61,26.205],[89.61,26.205],[89.609,26.205],[89.609,26.205],[89.609,26.205],[89.609,26.204],[89.609,26.204],[89.61,26.203],[89.611,26.203],[89.612,26.203],[89.613,26.203],[89.614,26.202],[89.615,26.202],[89.616,26.202],[89.617,26.202],[89.617,26.202],[89.617,26.203],[89.617,26.203],[89.617,26.204],[89.617,26.204],[89.617,26.205],[89.616,26.205],[89.615,26.205],[89.614,26.205],[89.614,26.205],[89.613,26.205],[89.612,26.205],[89.611,26.205],[89.611,26.205]]],[[[89.744,25.374],[89.78,25.388],[89.767,25.433],[89.826,25.415],[89.852,25.466],[89.882,25.626],[89.827,25.73],[89.841,25.759],[89.817,25.814],[89.887,25.945],[89.825,25.946],[89.871,25.981],[89.836,26.013],[89.836,25.983],[89.82,25.988],[89.809,26.043],[89.791,26.018],[89.802,26.04],[89.774,26.038],[89.795,26.087],[89.756,26.109],[89.748,26.157],[89.674,26.167],[89.702,26.174],[89.673,26.206],[89.691,26.212],[89.679,26.238],[89.672,26.22],[89.634,26.23],[89.65,26.19],[89.628,26.184],[89.655,26.182],[89.649,26.165],[89.609,26.181],[89.61,26.154],[89.591,26.157],[89.604,26.118],[89.63,26.119],[89.594,26.102],[89.608,26.089],[89.63,26.107],[89.65,26.064],[89.605,26.063],[89.579,26.026],[89.585,25.976],[89.541,25.97],[89.548,26.001],[89.519,26.009],[89.473,25.979],[89.571,25.882],[89.53,25.866],[89.519,25.805],[89.48,25.835],[89.451,25.818],[89.47,25.819],[89.458,25.784],[89.5,25.746],[89.485,25.728],[89.515,25.707],[89.519,25.644],[89.531,25.655],[89.548,25.629],[89.536,25.591],[89.587,25.557],[89.616,25.569],[89.698,25.534],[89.681,25.517],[89.698,25.496],[89.67,25.489],[89.707,25.467],[89.687,25.415],[89.701,25.39],[89.74,25.398],[89.744,25.374]]]]}},{"type":"Feature","properties":{"district":"Lakshmipur","name":"Lakshmipur","severity":"medium"},"geometry":{"type":"MultiPolygon","coordinates":[[[[90.932,22.497],[90.976,22.523],[90.894,22.56],[90.932,22.497]]],[[[90.77,22.809],[90.774,22.829],[90.752,22.832],[90.77,22.809]]],[[[90.644,22.837],[90.644,22.837],[90.646,22.837],[90.647,22.838],[90.648,22.839],[90.648,22.839],[90.649,22.84],[90.65,22.841],[90.65,22.841],[90.65,22.841],[90.65,22.842],[90.65,22.842],[90.65,22.843],[90.65,22.843],[90.65,22.844],[90.651,22.844],[90.652,22.845],[90.652,22.845],[90.652,22.845],[90.653,22.844],[90.653,22.844],[90.653,22.844],[90.653,22.843],[90.653,22.843],[90.654,22.843],[90.654,22.843],[90.654,22.843],[90.656,22.845],[90.654,22.846],[90.651,22.848],[90.65,22.848],[90.65,22.848],[90.649,22.846],[90.648,22.845],[90.648,22.845],[90.647,22.844],[90.647,22.843],[90.646,22.843],[90.646,22.843],[90.646,22.842],[90.646,22.841],[90.646,22.839],[90.646,22.839],[90.646,22.838],[90.643,22.839],[90.643,22.838],[90.643,22.838],[90.644,22.838],[90.644,22.837],[90.644,22.837]]],[[[90.701,22.865],[90.701,22.866],[90.701,22.867],[90.701,22.868],[90.7,22.868],[90.699,22.868],[90.699,22.866],[90.699,22.865],[90.7,22.865],[90.701,22.865]]],[[[90.756,22.87],[90.737,22.86],[90.748,22.839],[90.777,22.829],[90.756,22.87]]],[[[90.725,22.873],[90.724,22.874],[90.722,22.876],[90.721,22.877],[90.72,22.878],[90.719,22.878],[90.719,22.877],[90.721,22.875],[90.721,22.873],[90.722,22.873],[90.723,22.873],[90.725,22.873],[90.725,22.873],[90.725,22.873]]],[[[90.749,22.872],[90.74,22.887],[90.736,22.863],[90.749,22.872]]],[[[90.715,22.886],[90.715,22.887],[90.714,22.888],[90.713,22.891],[90.712,22.894],[90.712,22.895],[90.711,22.895],[90.711,22.894],[90.712,22.892],[90.713,22.888],[90.714,22.886],[90.715,22.886]]],[[[90.685,22.903],[90.684,22.9],[90.684,22.896],[90.684,22.896],[90.684,22.895],[90.685,22.896],[90.686,22.896],[90.687,22.897],[90.687,22.898],[90.688,22.899],[90.689,22.899],[90.69,22.899],[90.692,22.9],[90.692,22.9],[90.693,22.899],[90.694,22.898],[90.695,22.899],[90.697,22.9],[90.697,22.901],[90.695,22.901],[90.691,22.902],[90.69,22.903],[90.69,22.903],[90.69,22.904],[90.689,22.904],[90.689,22.904],[90.688,22.904],[90.685,22.903]]],[[[90.734,22.895],[90.733,22.897],[90.731,22.901],[90.728,22.905],[90.727,22.906],[90.725,22.909],[90.724,22.909],[90.725,22.907],[90.726,22.904],[90.727,22.901],[90.729,22.899],[90.733,22.895],[90.734,22.895]]],[[[90.689,22.916],[90.689,22.918],[90.688,22.919],[90.689,22.916]]],[[[90.724,22.911],[90.725,22.912],[90.725,22.913],[90.725,22.914],[90.725,22.915],[90.724,22.917],[90.724,22.918],[90.723,22.92],[90.722,22.921],[90.721,22.922],[90.721,22.922],[90.721,22.919],[90.72,22.917],[90.72,22.915],[90.721,22.913],[90.722,22.911],[90.723,22.911],[90.724,22.911]]],[[[90.687,22.918],[90.684,22.924],[90.684,22.924],[90.684,22.924],[90.684,22.925],[90.684,22.925],[90.684,22.925],[90.683,22.925],[90.683,22.925],[90.683,22.926],[90.683,22.926],[90.683,22.926],[90.683,22.926],[90.682,22.926],[90.682,22.927],[90.682,22.927],[90.682,22.927],[90.682,22.927],[90.681,22.927],[90.681,22.928],[90.681,22.928],[90.681,22.928],[90.681,22.928],[90.68,22.928],[90.68,22.929],[90.68,22.929],[90.68,22.929],[90.68,22.929],[90.679,22.929],[90.679,22.929],[90.679,22.929],[90.679,22.93],[90.679,22.93],[90.678,22.93],[90.678,22.93],[90.678,22.93],[90.678,22.931],[90.678,22.931],[90.677,22.931],[90.677,22.931],[90.677,22.931],[90.677,22.93],[90.678,22.927],[90.678,22.926],[90.679,22.925],[90.681,22.924],[90.682,22.924],[90.683,22.922],[90.683,22.92],[90.684,22.919],[90.685,22.917],[90.686,22.917],[90.687,22.918]]],[[[90.677,22.931],[90.676,22.933],[90.675,22.935],[90.673,22.937],[90.672,22.939],[90.67,22.94],[90.669,22.942],[90.667,22.943],[90.667,22.943],[90.667,22.942],[90.668,22.941],[90.667,22.94],[90.668,22.94],[90.668,22.94],[90.668,22.94],[90.668,22.939],[90.668,22.939],[90.668,22.939],[90.669,22.939],[90.669,22.939],[90.669,22.939],[90.669,22.939],[90.669,22.938],[90.669,22.938],[90.67,22.938],[90.67,22.938],[90.67,22.938],[90.67,22.938],[90.67,22.937],[90.67,22.937],[90.67,22.937],[90.671,22.936],[90.675,22.933],[90.676,22.932],[90.676,22.932],[90.676,22.932],[90.676,22.932],[90.676,22.932],[90.677,22.932],[90.677,22.931],[90.677,22.931]]],[[[90.671,22.958],[90.67,22.959],[90.669,22.96],[90.668,22.962],[90.667,22.965],[90.666,22.965],[90.666,22.965],[90.666,22.964],[90.667,22.963],[90.667,22.961],[90.668,22.959],[90.669,22.959],[90.67,22.958],[90.671,22.958]]],[[[90.647,22.984],[90.726,22.879],[90.716,22.94],[90.847,22.673],[91.017,22.568],[90.988,22.639],[91.01,22.705],[90.981,22.715],[90.981,22.754],[90.89,22.811],[90.927,22.814],[90.943,22.862],[90.984,22.875],[90.991,22.901],[90.999,22.977],[90.933,22.987],[90.887,23.026],[90.919,23.042],[90.899,23.072],[90.945,23.086],[90.956,23.145],[90.847,23.167],[90.796,23.118],[90.792,23.078],[90.731,23.042],[90.693,23.063],[90.663,23.051],[90.67,23.015],[90.647,22.984]]]]}},{"type":"Feature","properties":{"district":"Madaripur","name":"Madaripur"},"geometry":{"type":"Polygon","coordinates":[[[90.349,23.057],[90.355,23.139],[90.292,23.145],[90.284,23.197],[90.247,23.217],[90.228,23.263],[90.244,23.317],[90.228,23.333],[90.248,23.349],[90.233,23.362],[90.264,23.379],[90.221,23.411],[90.281,23.447],[90.182,23.498],[90.109,23.454],[90.093,23.312],[90.068,23.305],[90.031,23.338],[90.023,23.24],[89.985,23.218],[89.936,23.118],[89.984,23.11],[90.012,23.139],[90.042,23.106],[90.109,23.117],[90.108,23.077],[90.132,23.071],[90.11,23.066],[90.122,23.027],[90.164,23.067],[90.201,23.054],[90.214,23.07],[90.237,23.045],[90.239,22.966],[90.32,22.981],[90.316,23.053],[90.349,23.057]]]}},{"type":"Feature","properties":{"district":"Magura","name":"Magura"},"geometry":{"type":"Polygon","coordinates":[[[89.497,23.579],[89.471,23.597],[89.48,23.627],[89.44,23.64],[89.412,23.682],[89.366,23.663],[89.345,23.579],[89.305,23.54],[89.303,23.455],[89.256,23.441],[89.271,23.428],[89.244,23.379],[89.344,23.284],[89.369,23.302],[89.455,23.257],[89.479,23.299],[89.524,23.278],[89.56,23.32],[89.645,23.298],[89.603,23.341],[89.605,23.475],[89.526,23.513],[89.492,23.479],[89.501,23.52],[89.538,23.536],[89.497,23.579]]]}},{"type":"Feature","properties":{"district":"Manikganj","name":"Manikganj"},"geometry":{"type":"Polygon","coordinates":[[[90.008,24.011],[89.99,23.999],[89.972,24.036],[89.893,23.97],[89.866,23.992],[89.855,23.964],[89.764,23.978],[89.785,24.035],[89.733,24.019],[89.693,23.986],[89.697,23.867],[89.771,23.833],[89.896,23.675],[89.942,23.653],[90.008,23.635],[90.051,23.726],[90.115,23.717],[90.146,23.748],[90.188,23.717],[90.255,23.715],[90.219,23.748],[90.245,23.839],[90.151,23.828],[90.108,23.896],[90.068,23.908],[90.074,23.96],[90.038,23.972],[90.056,24],[90.008,24.011]]]}},{"type":"Feature","properties":{"district":"Maulvibazar","name":"Maulvibazar","severity":"high"},"geometry":{"type":"MultiPolygon","coordinates":[[[[91.658,24.179],[91.657,24.179],[91.658,24.179]]],[[[91.658,24.179],[91.658,24.18],[91.658,24.179]]],[[[91.658,24.18],[91.658,24.18],[91.658,24.18]]],[[[91.658,24.18],[91.657,24.18],[91.658,24.18]]],[[[91.81,24.217],[91.81,24.217]]],[[[91.645,24.174],[91.665,24.234],[91.688,24.162],[91.759,24.142],[91.745,24.247],[91.816,24.21],[91.844,24.226],[91.848,24.185],[91.906,24.139],[91.941,24.268],[91.92,24.338],[91.957,24.357],[91.996,24.322],[91.967,24.38],[91.997,24.394],[92.122,24.382],[92.137,24.425],[92.169,24.428],[92.155,24.523],[92.213,24.504],[92.231,24.53],[92.247,24.655],[92.296,24.737],[92.273,24.828],[92.249,24.836],[92.2,24.806],[92.194,24.768],[92.078,24.766],[92.08,24.724],[92.026,24.697],[92.029,24.652],[91.829,24.654],[91.783,24.643],[91.749,24.598],[91.686,24.605],[91.675,24.631],[91.661,24.592],[91.612,24.594],[91.654,24.546],[91.613,24.502],[91.621,24.417],[91.602,24.415],[91.603,24.363],[91.625,24.364],[91.631,24.335],[91.615,24.233],[91.645,24.174]]]]}},{"type":"Feature","properties":{"district":"Munshiganj","name":"Munshiganj"},"geometry":{"type":"Polygon","coordinates":[[[90.688,23.492],[90.711,23.515],[90.647,23.576],[90.667,23.59],[90.653,23.62],[90.561,23.59],[90.577,23.534],[90.516,23.573],[90.448,23.551],[90.429,23.567],[90.44,23.597],[90.391,23.65],[90.339,23.638],[90.286,23.674],[90.25,23.654],[90.158,23.522],[90.404,23.4],[90.447,23.416],[90.539,23.379],[90.576,23.496],[90.688,23.492]]]}},{"type":"Feature","properties":{"district":"Mymensingh","name":"Mymensingh"},"geometry":{"type":"Polygon","coordinates":[[[90.649,24.258],[90.618,24.339],[90.646,24.416],[90.587,24.448],[90.574,24.482],[90.604,24.499],[90.678,24.467],[90.703,24.518],[90.722,24.471],[90.743,24.51],[90.794,24.508],[90.822,24.581],[90.793,24.578],[90.794,24.606],[90.757,24.61],[90.758,24.637],[90.704,24.667],[90.696,24.714],[90.724,24.732],[90.695,24.758],[90.723,24.774],[90.708,24.801],[90.563,24.812],[90.588,24.842],[90.559,24.843],[90.568,24.885],[90.535,24.892],[90.544,24.937],[90.516,24.946],[90.523,24.979],[90.493,25.003],[90.501,25.032],[90.538,25.012],[90.55,25.042],[90.607,25.028],[90.587,25.083],[90.615,25.174],[90.509,25.175],[90.441,25.145],[90.268,25.199],[90.262,25.098],[90.305,25.079],[90.232,25.042],[90.226,24.971],[90.258,24.946],[90.232,24.945],[90.237,24.888],[90.195,24.885],[90.189,24.828],[90.139,24.779],[90.076,24.788],[90.09,24.737],[90.133,24.734],[90.148,24.635],[90.125,24.597],[90.174,24.518],[90.244,24.481],[90.21,24.458],[90.249,24.415],[90.229,24.348],[90.265,24.289],[90.359,24.3],[90.362,24.281],[90.402,24.283],[90.443,24.341],[90.529,24.303],[90.521,24.288],[90.573,24.246],[90.649,24.258]]]}},{"type":"Feature","properties":{"district":"Narail","name":"Narail"},"geometry":{"type":"Polygon","coordinates":[[[89.801,22.941],[89.797,22.996],[89.762,23.008],[89.736,23.073],[89.673,23.123],[89.739,23.13],[89.732,23.168],[89.765,23.18],[89.69,23.164],[89.685,23.227],[89.633,23.238],[89.666,23.283],[89.578,23.323],[89.524,23.278],[89.479,23.299],[89.455,23.257],[89.426,23.259],[89.419,23.14],[89.378,23.136],[89.385,23.085],[89.417,23.083],[89.442,23.115],[89.444,23.055],[89.501,23.033],[89.547,22.976],[89.582,22.988],[89.611,22.956],[89.652,22.983],[89.745,22.964],[89.784,22.983],[89.801,22.941]]]}},{"type":"Feature","properties":{"district":"Narayanganj","name":"Narayanganj"},"geometry":{"type":"Polygon","coordinates":[[[90.735,23.763],[90.741,23.787],[90.697,23.82],[90.676,23.828],[90.683,23.794],[90.648,23.801],[90.637,23.824],[90.663,23.842],[90.645,23.87],[90.61,23.832],[90.611,23.885],[90.526,23.897],[90.471,23.847],[90.488,23.818],[90.471,23.784],[90.513,23.71],[90.452,23.675],[90.473,23.634],[90.43,23.609],[90.431,23.563],[90.518,23.573],[90.577,23.535],[90.559,23.586],[90.627,23.614],[90.64,23.675],[90.733,23.667],[90.735,23.763]]]}},{"type":"Feature","properties":{"district":"Narsingdi","name":"Narsingdi"},"geometry":{"type":"Polygon","coordinates":[[[90.986,24.031],[90.962,24.034],[90.944,24.084],[90.913,24.075],[90.846,24.112],[90.871,24.14],[90.786,24.193],[90.779,24.244],[90.683,24.244],[90.672,24.205],[90.695,24.14],[90.676,24.116],[90.703,24.107],[90.64,24.106],[90.658,24.013],[90.614,23.928],[90.561,23.905],[90.611,23.885],[90.61,23.833],[90.645,23.87],[90.663,23.842],[90.637,23.824],[90.648,23.801],[90.683,23.794],[90.676,23.828],[90.697,23.82],[90.741,23.787],[90.735,23.763],[90.766,23.803],[90.767,23.864],[90.909,23.868],[90.986,24.031]]]}},{"type":"Feature","properties":{"district":"Netrakona","name":"Netrakona"},"geometry":{"type":"Polygon","coordinates":[[[91.195,24.631],[91.241,24.692],[91.22,24.702],[91.225,24.728],[91.207,24.709],[91.141,24.724],[91.171,24.827],[91.153,24.837],[91.13,24.793],[91.098,24.89],[91.044,24.908],[91.018,24.885],[90.953,24.919],[90.973,24.958],[90.944,24.976],[90.934,25.02],[90.965,25.036],[90.933,25.045],[90.928,25.078],[90.975,25.074],[90.947,25.114],[90.965,25.172],[90.85,25.158],[90.78,25.186],[90.699,25.157],[90.65,25.195],[90.615,25.177],[90.587,25.084],[90.588,25.059],[90.607,25.07],[90.606,25.027],[90.55,25.042],[90.539,25.012],[90.494,25.027],[90.523,24.978],[90.513,24.951],[90.545,24.936],[90.535,24.892],[90.568,24.886],[90.559,24.843],[90.588,24.842],[90.563,24.812],[90.708,24.801],[90.723,24.774],[90.695,24.758],[90.724,24.731],[90.696,24.714],[90.701,24.674],[90.758,24.637],[90.757,24.61],[90.794,24.606],[90.796,24.576],[90.927,24.616],[91.018,24.603],[91.031,24.63],[91.098,24.599],[91.129,24.61],[91.13,24.642],[91.195,24.631]]]}},{"type":"Feature","properties":{"district":"Noakhali","name":"Noakhali","severity":"medium"},"geometry":{"type":"MultiPolygon","coordinates":[[[[91.083,22.054],[91.048,22.049],[91.059,22.03],[91.083,22.054]]],[[[91.031,22.084],[91.001,22.101],[90.978,22.082],[90.982,22.028],[91.032,22.039],[91.048,22.074],[91.031,22.084]]],[[[91.015,22.176],[91.015,22.174],[91.016,22.174],[91.017,22.173],[91.019,22.173],[91.022,22.174],[91.024,22.176],[91.025,22.179],[91.026,22.181],[91.027,22.185],[91.028,22.19],[91.031,22.196],[91.031,22.199],[91.031,22.2],[91.03,22.2],[91.028,22.199],[91.025,22.197],[91.023,22.195],[91.019,22.191],[91.017,22.187],[91.018,22.186],[91.018,22.186],[91.018,22.185],[91.018,22.184],[91.018,22.184],[91.018,22.183],[91.018,22.182],[91.017,22.182],[91.017,22.182],[91.017,22.181],[91.017,22.18],[91.017,22.179],[91.017,22.178],[91.016,22.177],[91.016,22.177],[91.016,22.176],[91.015,22.176],[91.015,22.176]]],[[[91.015,22.243],[91.037,22.32],[91.019,22.332],[91.015,22.243]]],[[[91.036,22.338],[91.054,22.349],[91.041,22.374],[91.02,22.352],[91.036,22.338]]],[[[91.055,22.36],[91.056,22.361],[91.056,22.363],[91.057,22.369],[91.056,22.371],[91.054,22.373],[91.054,22.375],[91.053,22.382],[91.052,22.385],[91.051,22.386],[91.049,22.385],[91.046,22.382],[91.044,22.379],[91.044,22.378],[91.043,22.376],[91.044,22.374],[91.046,22.371],[91.048,22.367],[91.05,22.362],[91.052,22.36],[91.054,22.36],[91.055,22.36]]],[[[91.141,22.373],[91.07,22.407],[91.068,22.242],[91.004,22.114],[91.058,22.079],[91.136,22.132],[91.188,22.233],[91.185,22.365],[91.175,22.384],[91.141,22.373]]],[[[90.99,22.391],[90.989,22.396],[90.987,22.403],[90.984,22.41],[90.981,22.417],[90.977,22.42],[90.974,22.421],[90.972,22.421],[90.973,22.42],[90.973,22.419],[90.974,22.418],[90.974,22.417],[90.975,22.417],[90.975,22.416],[90.976,22.415],[90.977,22.414],[90.977,22.413],[90.978,22.412],[90.978,22.411],[90.979,22.41],[90.979,22.41],[90.981,22.407],[90.981,22.406],[90.982,22.406],[90.982,22.405],[90.983,22.403],[90.983,22.402],[90.984,22.402],[90.984,22.401],[90.985,22.4],[90.985,22.399],[90.985,22.399],[90.986,22.398],[90.986,22.398],[90.986,22.397],[90.987,22.396],[90.987,22.396],[90.987,22.395],[90.988,22.394],[90.989,22.393],[90.989,22.392],[90.99,22.391]]],[[[91.256,22.41],[91.258,22.41],[91.261,22.412],[91.264,22.415],[91.265,22.418],[91.265,22.419],[91.266,22.42],[91.266,22.421],[91.266,22.423],[91.266,22.425],[91.264,22.429],[91.262,22.432],[91.26,22.434],[91.258,22.435],[91.255,22.435],[91.252,22.434],[91.249,22.432],[91.247,22.429],[91.246,22.426],[91.247,22.423],[91.248,22.421],[91.249,22.418],[91.251,22.414],[91.252,22.411],[91.254,22.41],[91.256,22.41]]],[[[91.277,22.441],[91.278,22.443],[91.278,22.444],[91.277,22.447],[91.276,22.448],[91.274,22.449],[91.272,22.448],[91.271,22.446],[91.27,22.444],[91.272,22.442],[91.276,22.441],[91.277,22.441]]],[[[91.013,22.36],[91.045,22.436],[90.999,22.463],[91.013,22.36]]],[[[90.968,22.428],[90.978,22.465],[90.962,22.471],[90.968,22.428]]],[[[90.934,22.494],[90.936,22.495],[90.938,22.497],[90.941,22.497],[90.948,22.497],[90.953,22.497],[90.957,22.498],[90.961,22.5],[90.967,22.501],[90.974,22.503],[90.98,22.505],[90.982,22.507],[90.983,22.51],[90.982,22.513],[90.979,22.517],[90.977,22.52],[90.976,22.522],[90.976,22.522],[90.976,22.522],[90.975,22.521],[90.975,22.521],[90.975,22.521],[90.974,22.521],[90.974,22.521],[90.974,22.52],[90.973,22.52],[90.973,22.52],[90.973,22.52],[90.972,22.52],[90.972,22.52],[90.972,22.519],[90.971,22.519],[90.971,22.519],[90.971,22.519],[90.97,22.519],[90.97,22.519],[90.969,22.518],[90.969,22.518],[90.969,22.518],[90.969,22.518],[90.968,22.518],[90.968,22.518],[90.968,22.517],[90.967,22.517],[90.967,22.517],[90.967,22.517],[90.967,22.517],[90.967,22.517],[90.966,22.517],[90.966,22.516],[90.966,22.516],[90.966,22.516],[90.965,22.516],[90.965,22.516],[90.965,22.515],[90.964,22.515],[90.964,22.515],[90.964,22.515],[90.963,22.515],[90.963,22.514],[90.963,22.514],[90.962,22.514],[90.962,22.514],[90.961,22.513],[90.961,22.513],[90.96,22.513],[90.959,22.512],[90.959,22.512],[90.958,22.512],[90.958,22.512],[90.958,22.512],[90.958,22.511],[90.957,22.511],[90.957,22.511],[90.957,22.511],[90.957,22.511],[90.956,22.51],[90.956,22.51],[90.956,22.51],[90.955,22.51],[90.955,22.51],[90.954,22.51],[90.954,22.509],[90.954,22.509],[90.953,22.509],[90.953,22.509],[90.953,22.509],[90.952,22.509],[90.952,22.508],[90.952,22.508],[90.952,22.508],[90.951,22.508],[90.951,22.508],[90.951,22.508],[90.95,22.507],[90.95,22.507],[90.95,22.507],[90.95,22.507],[90.949,22.507],[90.949,22.507],[90.949,22.507],[90.949,22.506],[90.948,22.506],[90.948,22.506],[90.948,22.506],[90.948,22.506],[90.947,22.506],[90.947,22.505],[90.947,22.505],[90.946,22.505],[90.946,22.505],[90.946,22.505],[90.946,22.505],[90.945,22.505],[90.945,22.504],[90.945,22.504],[90.933,22.496],[90.934,22.494]]],[[[91.339,22.526],[91.311,22.603],[91.266,22.52],[91.291,22.484],[91.339,22.526]]],[[[91.338,22.732],[91.288,22.71],[91.318,22.65],[91.343,22.686],[91.338,22.732]]],[[[91.407,22.765],[91.408,22.763],[91.409,22.758],[91.41,22.755],[91.411,22.753],[91.414,22.751],[91.418,22.75],[91.42,22.749],[91.422,22.749],[91.422,22.75],[91.423,22.753],[91.424,22.757],[91.424,22.757],[91.424,22.758],[91.423,22.758],[91.423,22.758],[91.423,22.759],[91.422,22.759],[91.422,22.76],[91.421,22.76],[91.421,22.761],[91.42,22.761],[91.42,22.761],[91.419,22.761],[91.419,22.762],[91.418,22.762],[91.418,22.762],[91.417,22.763],[91.417,22.763],[91.416,22.763],[91.415,22.763],[91.415,22.763],[91.414,22.763],[91.414,22.763],[91.413,22.763],[91.413,22.764],[91.412,22.764],[91.412,22.764],[91.411,22.764],[91.411,22.764],[91.409,22.765],[91.408,22.765],[91.407,22.765],[91.407,22.765]]],[[[91.377,22.785],[91.376,22.784],[91.374,22.781],[91.375,22.781],[91.379,22.779],[91.379,22.78],[91.379,22.78],[91.379,22.78],[91.379,22.781],[91.378,22.781],[91.378,22.782],[91.378,22.782],[91.378,22.783],[91.377,22.783],[91.377,22.784],[91.377,22.785]]],[[[91.345,22.789],[91.377,22.785],[91.368,22.802],[91.345,22.789]]],[[[91.336,22.821],[91.336,22.819],[91.336,22.819],[91.337,22.819],[91.337,22.819],[91.337,22.82],[91.338,22.82],[91.338,22.82],[91.338,22.821],[91.338,22.821],[91.338,22.821],[91.338,22.821],[91.338,22.822],[91.338,22.822],[91.338,22.822],[91.337,22.822],[91.337,22.821],[91.337,22.821],[91.336,22.821]]],[[[90.962,23.131],[90.945,23.086],[90.899,23.072],[90.919,23.042],[90.887,23.026],[90.933,22.987],[90.999,22.977],[90.986,22.879],[90.943,22.862],[90.927,22.814],[90.89,22.811],[90.981,22.754],[90.981,22.715],[91.017,22.681],[90.988,22.639],[91.078,22.493],[91.137,22.557],[91.082,22.486],[91.138,22.443],[91.201,22.51],[91.171,22.52],[91.113,22.488],[91.153,22.501],[91.15,22.54],[91.162,22.521],[91.229,22.526],[91.288,22.619],[91.263,22.635],[91.283,22.635],[91.264,22.684],[91.193,22.733],[91.259,22.697],[91.299,22.745],[91.385,22.757],[91.312,22.813],[91.332,22.821],[91.311,22.845],[91.352,22.852],[91.328,22.882],[91.353,22.898],[91.341,22.913],[91.266,22.882],[91.248,22.894],[91.259,23.055],[91.185,23.06],[91.16,23.084],[91.079,23.072],[91.036,23.115],[90.962,23.131]]]]}},{"type":"Feature","properties":{"district":"Pabna","name":"Pabna"},"geometry":{"type":"Polygon","coordinates":[[[89.355,23.886],[89.385,23.908],[89.469,23.839],[89.572,23.808],[89.672,23.81],[89.733,23.835],[89.697,23.867],[89.684,23.925],[89.693,23.987],[89.722,24.014],[89.66,24.075],[89.533,24.13],[89.522,24.197],[89.501,24.217],[89.469,24.201],[89.478,24.229],[89.446,24.234],[89.46,24.262],[89.425,24.25],[89.418,24.322],[89.319,24.353],[89.233,24.267],[89.215,24.212],[89.157,24.171],[89.08,24.166],[89.047,24.139],[89.026,24.17],[88.997,24.144],[89.015,24.145],[89.007,24.118],[89.071,23.979],[89.164,23.95],[89.178,23.987],[89.216,23.988],[89.264,23.879],[89.279,23.906],[89.312,23.874],[89.355,23.886]]]}},{"type":"Feature","properties":{"district":"Patuakhali","name":"Patuakhali"},"geometry":{"type":"MultiPolygon","coordinates":[[[[90.478,21.769],[90.48,21.77],[90.48,21.771],[90.48,21.771],[90.48,21.773],[90.48,21.775],[90.48,21.776],[90.479,21.778],[90.478,21.779],[90.477,21.781],[90.477,21.782],[90.476,21.782],[90.475,21.782],[90.474,21.781],[90.471,21.778],[90.471,21.777],[90.47,21.774],[90.471,21.772],[90.474,21.77],[90.476,21.769],[90.478,21.769]]],[[[90.383,21.788],[90.385,21.788],[90.388,21.791],[90.39,21.793],[90.392,21.795],[90.393,21.798],[90.393,21.799],[90.392,21.801],[90.391,21.802],[90.391,21.803],[90.391,21.805],[90.392,21.806],[90.391,21.806],[90.39,21.805],[90.389,21.803],[90.386,21.798],[90.384,21.795],[90.382,21.792],[90.381,21.791],[90.38,21.79],[90.379,21.79],[90.378,21.789],[90.379,21.788],[90.381,21.788],[90.383,21.788]]],[[[90.48,21.801],[90.48,21.802],[90.48,21.804],[90.479,21.804],[90.478,21.806],[90.476,21.808],[90.476,21.809],[90.477,21.813],[90.477,21.814],[90.477,21.815],[90.476,21.815],[90.475,21.816],[90.474,21.818],[90.473,21.819],[90.472,21.82],[90.47,21.82],[90.467,21.818],[90.466,21.816],[90.466,21.814],[90.465,21.812],[90.463,21.81],[90.462,21.809],[90.461,21.808],[90.462,21.806],[90.464,21.805],[90.467,21.805],[90.472,21.804],[90.474,21.804],[90.477,21.803],[90.478,21.802],[90.479,21.801],[90.48,21.801]]],[[[90.381,21.854],[90.378,21.856],[90.376,21.856],[90.375,21.856],[90.374,21.856],[90.371,21.855],[90.368,21.854],[90.369,21.854],[90.37,21.854],[90.372,21.853],[90.373,21.853],[90.373,21.852],[90.372,21.85],[90.368,21.846],[90.366,21.843],[90.366,21.841],[90.367,21.839],[90.368,21.837],[90.37,21.836],[90.372,21.836],[90.375,21.836],[90.377,21.836],[90.379,21.837],[90.38,21.837],[90.382,21.837],[90.383,21.837],[90.384,21.837],[90.384,21.839],[90.384,21.84],[90.383,21.841],[90.382,21.842],[90.381,21.843],[90.381,21.845],[90.381,21.847],[90.382,21.848],[90.382,21.85],[90.383,21.851],[90.382,21.853],[90.382,21.854],[90.381,21.854]]],[[[90.435,21.832],[90.44,21.833],[90.445,21.836],[90.449,21.837],[90.456,21.838],[90.459,21.84],[90.46,21.842],[90.46,21.847],[90.459,21.853],[90.458,21.857],[90.458,21.859],[90.457,21.859],[90.456,21.86],[90.455,21.86],[90.451,21.858],[90.445,21.854],[90.439,21.851],[90.438,21.85],[90.435,21.848],[90.433,21.846],[90.432,21.844],[90.431,21.839],[90.43,21.838],[90.43,21.836],[90.431,21.835],[90.432,21.834],[90.432,21.833],[90.433,21.832],[90.435,21.832]]],[[[90.541,21.854],[90.498,21.858],[90.478,21.82],[90.5,21.812],[90.541,21.854]]],[[[90.419,21.855],[90.422,21.856],[90.424,21.857],[90.429,21.859],[90.433,21.863],[90.436,21.867],[90.436,21.868],[90.437,21.869],[90.435,21.869],[90.434,21.868],[90.435,21.867],[90.434,21.865],[90.433,21.865],[90.43,21.865],[90.423,21.863],[90.418,21.861],[90.416,21.86],[90.415,21.859],[90.414,21.859],[90.414,21.857],[90.414,21.856],[90.416,21.855],[90.419,21.855]]],[[[90.553,21.864],[90.527,21.887],[90.504,21.866],[90.553,21.864]]],[[[90.468,21.849],[90.471,21.85],[90.475,21.852],[90.479,21.855],[90.482,21.857],[90.482,21.86],[90.482,21.862],[90.481,21.866],[90.48,21.868],[90.481,21.869],[90.485,21.871],[90.486,21.872],[90.486,21.875],[90.486,21.88],[90.485,21.886],[90.484,21.889],[90.483,21.888],[90.481,21.887],[90.478,21.882],[90.474,21.876],[90.472,21.874],[90.468,21.869],[90.465,21.864],[90.465,21.861],[90.464,21.856],[90.465,21.851],[90.467,21.849],[90.468,21.849]]],[[[90.407,21.876],[90.409,21.878],[90.412,21.881],[90.415,21.883],[90.416,21.884],[90.418,21.888],[90.418,21.89],[90.419,21.892],[90.418,21.893],[90.416,21.893],[90.413,21.892],[90.409,21.889],[90.407,21.886],[90.407,21.885],[90.407,21.881],[90.406,21.876],[90.407,21.876]]],[[[90.09,21.874],[90.093,21.877],[90.099,21.883],[90.104,21.888],[90.108,21.896],[90.108,21.896],[90.108,21.895],[90.108,21.895],[90.108,21.895],[90.107,21.895],[90.107,21.895],[90.107,21.895],[90.107,21.894],[90.107,21.894],[90.106,21.894],[90.106,21.894],[90.106,21.894],[90.105,21.893],[90.105,21.893],[90.105,21.893],[90.104,21.892],[90.104,21.892],[90.104,21.892],[90.103,21.892],[90.103,21.891],[90.103,21.891],[90.102,21.891],[90.102,21.89],[90.102,21.89],[90.102,21.89],[90.102,21.89],[90.101,21.89],[90.101,21.889],[90.101,21.889],[90.1,21.889],[90.1,21.889],[90.099,21.888],[90.099,21.888],[90.099,21.888],[90.098,21.887],[90.098,21.887],[90.098,21.886],[90.097,21.886],[90.097,21.886],[90.097,21.885],[90.097,21.885],[90.096,21.885],[90.096,21.884],[90.096,21.884],[90.096,21.884],[90.096,21.884],[90.095,21.883],[90.095,21.883],[90.095,21.882],[90.095,21.882],[90.094,21.882],[90.094,21.881],[90.094,21.881],[90.094,21.881],[90.094,21.88],[90.093,21.88],[90.093,21.88],[90.093,21.879],[90.093,21.879],[90.092,21.878],[90.092,21.878],[90.092,21.878],[90.092,21.878],[90.092,21.877],[90.092,21.877],[90.092,21.877],[90.091,21.876],[90.091,21.876],[90.091,21.876],[90.091,21.875],[90.091,21.875],[90.091,21.875],[90.091,21.875],[90.091,21.874],[90.09,21.874],[90.09,21.874]]],[[[90.493,21.876],[90.512,21.892],[90.5,21.911],[90.493,21.876]]],[[[90.424,21.882],[90.431,21.883],[90.435,21.884],[90.442,21.886],[90.449,21.89],[90.453,21.892],[90.455,21.897],[90.457,21.902],[90.459,21.909],[90.46,21.911],[90.459,21.912],[90.458,21.912],[90.456,21.911],[90.452,21.909],[90.448,21.907],[90.443,21.905],[90.439,21.903],[90.437,21.902],[90.432,21.9],[90.429,21.9],[90.426,21.899],[90.424,21.898],[90.422,21.896],[90.421,21.893],[90.42,21.889],[90.419,21.885],[90.418,21.884],[90.417,21.882],[90.418,21.881],[90.42,21.88],[90.421,21.881],[90.421,21.882],[90.422,21.882],[90.424,21.882]]],[[[90.475,21.902],[90.476,21.903],[90.48,21.908],[90.484,21.913],[90.486,21.919],[90.487,21.921],[90.486,21.921],[90.486,21.921],[90.484,21.921],[90.484,21.92],[90.482,21.918],[90.479,21.913],[90.476,21.909],[90.474,21.904],[90.474,21.902],[90.475,21.902]]],[[[90.11,21.898],[90.114,21.903],[90.114,21.907],[90.112,21.915],[90.111,21.919],[90.112,21.922],[90.115,21.926],[90.114,21.926],[90.114,21.926],[90.114,21.925],[90.114,21.925],[90.114,21.925],[90.114,21.925],[90.113,21.925],[90.113,21.925],[90.113,21.925],[90.113,21.924],[90.113,21.924],[90.113,21.924],[90.112,21.924],[90.112,21.924],[90.112,21.924],[90.112,21.924],[90.112,21.924],[90.112,21.924],[90.112,21.923],[90.111,21.923],[90.111,21.923],[90.111,21.923],[90.111,21.923],[90.111,21.923],[90.111,21.922],[90.11,21.922],[90.11,21.922],[90.11,21.922],[90.11,21.921],[90.11,21.921],[90.11,21.921],[90.11,21.921],[90.11,21.921],[90.11,21.921],[90.109,21.92],[90.109,21.92],[90.109,21.92],[90.109,21.92],[90.109,21.919],[90.109,21.919],[90.109,21.919],[90.109,21.919],[90.109,21.919],[90.109,21.918],[90.109,21.918],[90.109,21.918],[90.108,21.918],[90.108,21.917],[90.108,21.917],[90.108,21.916],[90.108,21.916],[90.108,21.915],[90.108,21.915],[90.108,21.915],[90.108,21.914],[90.108,21.914],[90.108,21.913],[90.108,21.913],[90.108,21.913],[90.108,21.912],[90.108,21.912],[90.108,21.912],[90.108,21.911],[90.108,21.911],[90.108,21.911],[90.108,21.911],[90.108,21.91],[90.108,21.91],[90.108,21.91],[90.108,21.91],[90.108,21.909],[90.109,21.909],[90.109,21.909],[90.109,21.908],[90.109,21.908],[90.109,21.908],[90.109,21.907],[90.109,21.907],[90.109,21.907],[90.109,21.906],[90.109,21.906],[90.109,21.906],[90.109,21.905],[90.109,21.905],[90.109,21.904],[90.109,21.904],[90.11,21.904],[90.11,21.903],[90.11,21.903],[90.11,21.902],[90.11,21.901],[90.11,21.901],[90.11,21.9],[90.11,21.9],[90.11,21.899],[90.11,21.899],[90.11,21.899],[90.11,21.899],[90.11,21.899],[90.11,21.899],[90.11,21.898]]],[[[90.133,21.929],[90.14,21.929],[90.143,21.929],[90.145,21.93],[90.144,21.932],[90.141,21.936],[90.142,21.935],[90.142,21.935],[90.142,21.935],[90.142,21.935],[90.142,21.935],[90.142,21.934],[90.142,21.934],[90.142,21.934],[90.142,21.934],[90.142,21.933],[90.142,21.933],[90.143,21.933],[90.143,21.933],[90.143,21.932],[90.143,21.932],[90.143,21.932],[90.143,21.932],[90.143,21.931],[90.143,21.931],[90.143,21.931],[90.142,21.931],[90.142,21.931],[90.142,21.931],[90.141,21.931],[90.141,21.931],[90.141,21.93],[90.141,21.93],[90.141,21.93],[90.14,21.93],[90.14,21.93],[90.14,21.93],[90.14,21.93],[90.139,21.93],[90.139,21.93],[90.139,21.93],[90.138,21.93],[90.138,21.93],[90.138,21.93],[90.137,21.93],[90.137,21.93],[90.137,21.93],[90.137,21.93],[90.136,21.93],[90.136,21.929],[90.136,21.929],[90.135,21.929],[90.135,21.929],[90.135,21.929],[90.135,21.929],[90.134,21.929],[90.134,21.929],[90.134,21.929],[90.134,21.929],[90.133,21.929]]],[[[90.61,21.964],[90.609,21.961],[90.608,21.953],[90.608,21.941],[90.607,21.932],[90.607,21.924],[90.607,21.924],[90.608,21.925],[90.608,21.926],[90.609,21.926],[90.609,21.927],[90.609,21.927],[90.61,21.928],[90.61,21.929],[90.611,21.93],[90.612,21.931],[90.612,21.932],[90.612,21.933],[90.613,21.934],[90.613,21.935],[90.613,21.936],[90.613,21.936],[90.614,21.937],[90.615,21.943],[90.615,21.944],[90.615,21.946],[90.615,21.947],[90.615,21.948],[90.614,21.949],[90.614,21.951],[90.615,21.952],[90.615,21.954],[90.615,21.956],[90.615,21.957],[90.615,21.958],[90.615,21.959],[90.615,21.959],[90.615,21.96],[90.615,21.96],[90.614,21.961],[90.614,21.961],[90.614,21.961],[90.614,21.961],[90.613,21.962],[90.613,21.962],[90.613,21.962],[90.613,21.962],[90.613,21.962],[90.612,21.963],[90.612,21.963],[90.611,21.963],[90.611,21.963],[90.611,21.963],[90.61,21.964]]],[[[90.544,21.979],[90.545,21.98],[90.548,21.982],[90.55,21.984],[90.55,21.984],[90.551,21.985],[90.55,21.986],[90.549,21.986],[90.546,21.986],[90.545,21.984],[90.544,21.983],[90.543,21.981],[90.543,21.98],[90.544,21.979]]],[[[90.587,21.984],[90.519,21.944],[90.517,21.892],[90.577,21.883],[90.602,21.968],[90.587,21.984]]],[[[90.3,21.954],[90.294,21.991],[90.254,21.951],[90.223,21.98],[90.159,21.981],[90.119,21.903],[90.147,21.895],[90.196,21.934],[90.149,21.893],[90.118,21.899],[90.085,21.839],[90.159,21.801],[90.219,21.806],[90.259,21.844],[90.3,21.954]]],[[[90.558,21.994],[90.562,21.995],[90.565,22],[90.567,22.007],[90.566,22.009],[90.565,22.009],[90.565,22.009],[90.562,22.007],[90.557,22.001],[90.555,21.998],[90.554,21.996],[90.556,21.994],[90.558,21.994]]],[[[90.582,22.023],[90.567,21.993],[90.59,21.987],[90.582,22.023]]],[[[90.35,22.045],[90.35,22.047],[90.35,22.048],[90.35,22.051],[90.349,22.052],[90.348,22.051],[90.346,22.05],[90.344,22.048],[90.343,22.046],[90.343,22.045],[90.343,22.044],[90.344,22.044],[90.344,22.044],[90.345,22.043],[90.345,22.043],[90.345,22.042],[90.346,22.042],[90.347,22.041],[90.347,22.041],[90.348,22.042],[90.349,22.043],[90.35,22.045]]],[[[90.367,22.041],[90.369,22.042],[90.37,22.043],[90.373,22.045],[90.375,22.047],[90.376,22.049],[90.377,22.051],[90.377,22.052],[90.376,22.052],[90.374,22.051],[90.371,22.05],[90.369,22.049],[90.367,22.046],[90.366,22.042],[90.366,22.041],[90.367,22.041]]],[[[90.388,22.037],[90.381,22.054],[90.34,21.991],[90.388,22.037]]],[[[90.484,21.988],[90.466,22.054],[90.419,22.033],[90.356,21.979],[90.307,21.883],[90.313,21.855],[90.375,21.868],[90.355,21.916],[90.387,21.863],[90.465,21.919],[90.498,21.96],[90.484,21.988]]],[[[90.469,22.054],[90.47,22.056],[90.47,22.057],[90.47,22.057],[90.469,22.057],[90.468,22.056],[90.468,22.055],[90.469,22.054]]],[[[90.391,22.039],[90.393,22.043],[90.396,22.047],[90.401,22.052],[90.402,22.053],[90.402,22.054],[90.405,22.056],[90.407,22.058],[90.407,22.059],[90.406,22.059],[90.402,22.057],[90.4,22.055],[90.397,22.052],[90.394,22.048],[90.393,22.046],[90.393,22.045],[90.393,22.044],[90.392,22.042],[90.391,22.04],[90.391,22.039]]],[[[90.444,22.054],[90.445,22.055],[90.447,22.057],[90.448,22.059],[90.448,22.06],[90.448,22.062],[90.447,22.063],[90.445,22.063],[90.444,22.062],[90.443,22.06],[90.443,22.057],[90.443,22.055],[90.444,22.054],[90.444,22.054]]],[[[90.485,22.032],[90.484,22.033],[90.483,22.034],[90.482,22.035],[90.479,22.042],[90.479,22.047],[90.48,22.054],[90.48,22.059],[90.48,22.063],[90.48,22.065],[90.479,22.065],[90.479,22.064],[90.476,22.059],[90.475,22.053],[90.475,22.052],[90.475,22.049],[90.478,22.043],[90.481,22.037],[90.483,22.034],[90.484,22.032],[90.485,22.032]]],[[[90.452,22.056],[90.456,22.058],[90.459,22.061],[90.46,22.063],[90.46,22.066],[90.459,22.067],[90.458,22.068],[90.456,22.068],[90.452,22.066],[90.451,22.065],[90.451,22.061],[90.451,22.059],[90.451,22.057],[90.451,22.056],[90.452,22.056]]],[[[90.399,22.055],[90.425,22.078],[90.39,22.084],[90.342,22.003],[90.368,22.05],[90.399,22.055]]],[[[90.5,22.134],[90.502,22.135],[90.504,22.136],[90.505,22.136],[90.506,22.137],[90.506,22.139],[90.506,22.14],[90.504,22.14],[90.5,22.139],[90.498,22.138],[90.498,22.137],[90.498,22.135],[90.499,22.134],[90.5,22.134]]],[[[90.39,22.131],[90.39,22.132],[90.394,22.133],[90.396,22.134],[90.397,22.137],[90.397,22.142],[90.396,22.142],[90.392,22.141],[90.39,22.139],[90.388,22.136],[90.388,22.133],[90.388,22.131],[90.389,22.131],[90.39,22.131]]],[[[90.586,22.185],[90.485,22.074],[90.504,21.959],[90.579,22.051],[90.586,22.185]]],[[[90.539,22.176],[90.541,22.177],[90.543,22.18],[90.543,22.184],[90.544,22.191],[90.545,22.197],[90.545,22.2],[90.544,22.201],[90.543,22.201],[90.542,22.198],[90.54,22.192],[90.539,22.19],[90.539,22.19],[90.539,22.19],[90.538,22.19],[90.538,22.19],[90.538,22.189],[90.538,22.189],[90.538,22.189],[90.538,22.189],[90.538,22.188],[90.538,22.188],[90.538,22.188],[90.538,22.188],[90.538,22.186],[90.537,22.182],[90.537,22.178],[90.538,22.176],[90.539,22.176]]],[[[90.567,22.203],[90.571,22.205],[90.573,22.207],[90.575,22.211],[90.576,22.217],[90.577,22.221],[90.579,22.227],[90.578,22.229],[90.577,22.229],[90.577,22.227],[90.574,22.22],[90.57,22.214],[90.569,22.212],[90.566,22.204],[90.566,22.203],[90.567,22.203]]],[[[90.57,22.192],[90.573,22.194],[90.578,22.2],[90.58,22.202],[90.584,22.208],[90.586,22.212],[90.587,22.217],[90.588,22.222],[90.588,22.224],[90.589,22.23],[90.588,22.235],[90.588,22.238],[90.586,22.239],[90.584,22.238],[90.582,22.237],[90.58,22.236],[90.578,22.235],[90.578,22.233],[90.578,22.231],[90.579,22.229],[90.579,22.227],[90.579,22.223],[90.578,22.218],[90.576,22.209],[90.574,22.206],[90.57,22.202],[90.568,22.201],[90.566,22.196],[90.566,22.193],[90.568,22.192],[90.57,22.192]]],[[[90.622,22.243],[90.589,22.241],[90.578,22.191],[90.622,22.243]]],[[[90.649,22.286],[90.646,22.305],[90.613,22.26],[90.649,22.286]]],[[[90.663,22.417],[90.662,22.415],[90.662,22.413],[90.66,22.408],[90.661,22.408],[90.661,22.408],[90.661,22.408],[90.661,22.408],[90.661,22.409],[90.661,22.409],[90.662,22.409],[90.662,22.409],[90.662,22.41],[90.662,22.41],[90.662,22.41],[90.661,22.41],[90.662,22.41],[90.662,22.41],[90.662,22.411],[90.662,22.411],[90.662,22.411],[90.662,22.411],[90.662,22.412],[90.662,22.412],[90.663,22.412],[90.663,22.413],[90.663,22.413],[90.663,22.413],[90.663,22.414],[90.663,22.415],[90.663,22.415],[90.663,22.415],[90.663,22.416],[90.663,22.416],[90.663,22.416],[90.663,22.416],[90.663,22.417]]],[[[90.61,22.473],[90.611,22.475],[90.611,22.478],[90.61,22.483],[90.609,22.483],[90.609,22.483],[90.608,22.481],[90.607,22.476],[90.603,22.47],[90.602,22.468],[90.601,22.466],[90.601,22.466],[90.603,22.467],[90.607,22.47],[90.608,22.471],[90.609,22.472],[90.609,22.472],[90.61,22.473]]],[[[90.147,21.975],[90.214,21.986],[90.257,21.954],[90.284,21.993],[90.272,22.021],[90.308,21.982],[90.332,22.047],[90.378,22.083],[90.401,22.175],[90.437,22.191],[90.387,22.119],[90.391,22.089],[90.432,22.078],[90.497,22.155],[90.484,22.206],[90.501,22.217],[90.485,22.205],[90.503,22.166],[90.59,22.261],[90.616,22.324],[90.618,22.274],[90.661,22.317],[90.657,22.384],[90.622,22.447],[90.64,22.418],[90.645,22.452],[90.618,22.476],[90.591,22.431],[90.616,22.404],[90.587,22.424],[90.605,22.478],[90.588,22.508],[90.609,22.487],[90.578,22.543],[90.539,22.563],[90.515,22.56],[90.512,22.534],[90.457,22.536],[90.427,22.46],[90.364,22.504],[90.335,22.468],[90.272,22.475],[90.195,22.414],[90.176,22.324],[90.138,22.343],[90.159,22.322],[90.148,22.273],[90.179,22.236],[90.225,22.217],[90.246,22.262],[90.29,22.258],[90.287,22.235],[90.334,22.263],[90.328,22.245],[90.36,22.232],[90.351,22.196],[90.372,22.198],[90.336,22.165],[90.346,22.11],[90.279,22.064],[90.276,22.031],[90.221,22.035],[90.234,22.06],[90.197,22.091],[90.187,22.066],[90.211,22.049],[90.202,22.022],[90.179,22.021],[90.191,21.985],[90.147,21.975]]],[[[90.575,22.57],[90.553,22.587],[90.586,22.547],[90.575,22.57]]],[[[90.535,22.584],[90.535,22.583],[90.536,22.581],[90.541,22.576],[90.546,22.572],[90.548,22.57],[90.549,22.57],[90.549,22.57],[90.547,22.573],[90.546,22.574],[90.544,22.578],[90.543,22.582],[90.543,22.582],[90.543,22.581],[90.545,22.578],[90.547,22.575],[90.548,22.573],[90.549,22.573],[90.549,22.573],[90.548,22.575],[90.545,22.58],[90.54,22.586],[90.538,22.59],[90.538,22.59],[90.537,22.589],[90.537,22.588],[90.536,22.588],[90.536,22.588],[90.536,22.587],[90.536,22.587],[90.536,22.587],[90.535,22.587],[90.535,22.587],[90.535,22.586],[90.535,22.586],[90.535,22.586],[90.535,22.585],[90.535,22.585],[90.535,22.584],[90.535,22.584]]],[[[90.547,22.593],[90.548,22.591],[90.55,22.588],[90.552,22.587],[90.553,22.588],[90.555,22.589],[90.557,22.589],[90.557,22.59],[90.556,22.59],[90.556,22.591],[90.555,22.591],[90.555,22.592],[90.555,22.592],[90.554,22.593],[90.554,22.593],[90.554,22.593],[90.554,22.593],[90.554,22.593],[90.554,22.593],[90.553,22.593],[90.553,22.593],[90.553,22.593],[90.553,22.593],[90.552,22.593],[90.552,22.593],[90.552,22.593],[90.551,22.593],[90.551,22.593],[90.551,22.593],[90.551,22.593],[90.55,22.593],[90.55,22.593],[90.55,22.593],[90.549,22.593],[90.549,22.593],[90.549,22.593],[90.549,22.593],[90.548,22.593],[90.548,22.593],[90.548,22.593],[90.548,22.593],[90.547,22.593]]]]}},{"type":"Feature","properties":{"district":"Pirojpur","name":"Pirojpur"},"geometry":{"type":"MultiPolygon","coordinates":[[[[89.889,22.158],[89.889,22.158],[89.89,22.158],[89.89,22.158],[89.891,22.158],[89.891,22.158],[89.89,22.16],[89.89,22.161],[89.89,22.162],[89.889,22.163],[89.888,22.164],[89.888,22.165],[89.888,22.165],[89.888,22.165],[89.888,22.165],[89.888,22.165],[89.888,22.164],[89.888,22.164],[89.888,22.164],[89.888,22.164],[89.888,22.163],[89.888,22.163],[89.888,22.163],[89.888,22.163],[89.888,22.162],[89.888,22.162],[89.888,22.162],[89.889,22.162],[89.889,22.161],[89.889,22.161],[89.889,22.161],[89.889,22.161],[89.889,22.16],[89.889,22.16],[89.889,22.16],[89.889,22.16],[89.889,22.159],[89.889,22.159],[89.889,22.159],[89.889,22.158],[89.889,22.158]]],[[[89.886,22.177],[89.907,22.159],[89.957,22.171],[89.967,22.22],[89.991,22.199],[90.019,22.231],[90.056,22.357],[90.019,22.372],[90.039,22.402],[90.027,22.444],[90.06,22.443],[90.064,22.465],[90.077,22.44],[90.101,22.445],[90.134,22.487],[90.063,22.505],[90.056,22.58],[90.102,22.596],[90.097,22.656],[90.138,22.674],[90.189,22.745],[90.077,22.785],[90.054,22.827],[90.028,22.818],[90.035,22.866],[90.018,22.871],[89.939,22.865],[89.945,22.826],[89.914,22.8],[89.938,22.785],[89.904,22.772],[89.932,22.724],[89.861,22.699],[89.937,22.68],[89.89,22.663],[89.927,22.642],[89.92,22.607],[89.962,22.593],[89.923,22.51],[89.97,22.501],[89.882,22.497],[89.945,22.466],[89.871,22.419],[89.902,22.373],[89.858,22.269],[89.886,22.177]]]]}},{"type":"Feature","properties":{"district":"Rajbari","name":"Rajbari"},"geometry":{"type":"Polygon","coordinates":[[[89.865,23.719],[89.771,23.833],[89.666,23.809],[89.523,23.817],[89.365,23.911],[89.298,23.736],[89.349,23.671],[89.412,23.682],[89.481,23.627],[89.471,23.597],[89.546,23.56],[89.548,23.591],[89.596,23.609],[89.619,23.589],[89.66,23.61],[89.67,23.585],[89.742,23.583],[89.755,23.598],[89.728,23.619],[89.721,23.673],[89.79,23.683],[89.813,23.722],[89.846,23.701],[89.865,23.719]]]}},{"type":"Feature","properties":{"district":"Rangamati","name":"Rangamati","severity":"high"},"geometry":{"type":"Polygon","coordinates":[[[92.614,21.852],[92.634,21.875],[92.603,22.062],[92.563,22.128],[92.578,22.144],[92.605,22.123],[92.609,22.164],[92.552,22.409],[92.551,22.514],[92.522,22.56],[92.539,22.59],[92.517,22.722],[92.474,22.746],[92.449,22.895],[92.434,22.886],[92.419,22.919],[92.372,22.936],[92.392,23.057],[92.358,23.104],[92.347,23.236],[92.404,23.241],[92.364,23.323],[92.379,23.362],[92.317,23.472],[92.308,23.578],[92.273,23.642],[92.289,23.702],[92.241,23.721],[92.211,23.653],[92.207,23.701],[92.162,23.74],[92.083,23.68],[92.074,23.648],[92.137,23.43],[92.048,23.366],[92.125,23.319],[92.134,23.205],[92.181,23.102],[92.072,23.073],[92.118,22.959],[91.98,22.833],[92.001,22.727],[91.928,22.689],[91.941,22.607],[91.981,22.483],[92.028,22.528],[92.013,22.605],[92.037,22.623],[92.081,22.609],[92.14,22.45],[92.099,22.401],[92.14,22.367],[92.133,22.35],[92.208,22.33],[92.281,22.356],[92.362,22.341],[92.464,22.254],[92.524,22.025],[92.614,21.852]]]}},{"type":"Feature","properties":{"district":"Shariatpur","name":"Shariatpur"},"geometry":{"type":"MultiPolygon","coordinates":[[[[90.458,23.004],[90.458,23.005],[90.457,23.006],[90.454,23.006],[90.452,23.006],[90.452,23.006],[90.452,23.006],[90.453,23.004],[90.453,23.004],[90.454,23.004],[90.454,23.004],[90.455,23.004],[90.456,23.004],[90.456,23.004],[90.457,23.004],[90.458,23.004]]],[[[90.457,23.011],[90.459,23.011],[90.459,23.012],[90.46,23.013],[90.459,23.014],[90.458,23.014],[90.454,23.013],[90.453,23.012],[90.453,23.012],[90.455,23.011],[90.457,23.011]]],[[[90.49,23.023],[90.486,23.021],[90.481,23.018],[90.478,23.016],[90.476,23.014],[90.475,23.012],[90.475,23.011],[90.476,23.011],[90.477,23.01],[90.476,23.009],[90.476,23.009],[90.476,23.008],[90.476,23.008],[90.477,23.008],[90.477,23.009],[90.477,23.009],[90.478,23.009],[90.478,23.009],[90.478,23.01],[90.478,23.01],[90.479,23.01],[90.479,23.01],[90.48,23.011],[90.48,23.011],[90.481,23.011],[90.481,23.012],[90.482,23.012],[90.482,23.012],[90.483,23.013],[90.484,23.013],[90.484,23.013],[90.484,23.013],[90.485,23.014],[90.485,23.014],[90.486,23.014],[90.486,23.014],[90.487,23.014],[90.487,23.014],[90.488,23.014],[90.488,23.014],[90.488,23.014],[90.489,23.014],[90.489,23.014],[90.489,23.014],[90.489,23.014],[90.489,23.015],[90.489,23.015],[90.489,23.015],[90.489,23.016],[90.49,23.016],[90.49,23.017],[90.49,23.017],[90.49,23.018],[90.49,23.019],[90.49,23.019],[90.49,23.02],[90.49,23.021],[90.49,23.021],[90.49,23.023]]],[[[90.536,23.071],[90.536,23.072],[90.537,23.073],[90.537,23.074],[90.536,23.075],[90.535,23.075],[90.534,23.075],[90.533,23.072],[90.532,23.071],[90.533,23.071],[90.533,23.071],[90.534,23.071],[90.535,23.071],[90.536,23.071]]],[[[90.528,23.072],[90.529,23.072],[90.53,23.073],[90.531,23.074],[90.53,23.075],[90.528,23.074],[90.527,23.074],[90.526,23.075],[90.525,23.076],[90.525,23.078],[90.526,23.079],[90.527,23.08],[90.528,23.082],[90.528,23.083],[90.527,23.081],[90.525,23.079],[90.524,23.078],[90.523,23.074],[90.522,23.073],[90.522,23.072],[90.523,23.072],[90.524,23.072],[90.526,23.072],[90.527,23.072],[90.528,23.072]]],[[[90.552,23.1],[90.553,23.101],[90.554,23.102],[90.554,23.103],[90.554,23.104],[90.554,23.105],[90.553,23.106],[90.553,23.106],[90.552,23.104],[90.551,23.104],[90.55,23.103],[90.549,23.102],[90.548,23.102],[90.549,23.101],[90.548,23.101],[90.547,23.1],[90.547,23.099],[90.546,23.097],[90.545,23.097],[90.544,23.096],[90.543,23.095],[90.542,23.095],[90.542,23.096],[90.542,23.097],[90.541,23.097],[90.54,23.097],[90.54,23.095],[90.538,23.094],[90.535,23.093],[90.533,23.092],[90.532,23.091],[90.531,23.091],[90.531,23.091],[90.53,23.091],[90.528,23.088],[90.527,23.087],[90.526,23.087],[90.526,23.087],[90.526,23.088],[90.525,23.087],[90.524,23.086],[90.523,23.086],[90.52,23.084],[90.519,23.084],[90.518,23.083],[90.517,23.084],[90.516,23.084],[90.515,23.083],[90.515,23.084],[90.515,23.084],[90.515,23.085],[90.516,23.086],[90.515,23.086],[90.515,23.085],[90.515,23.082],[90.517,23.079],[90.518,23.077],[90.519,23.077],[90.52,23.077],[90.52,23.078],[90.521,23.08],[90.522,23.082],[90.522,23.083],[90.524,23.084],[90.526,23.085],[90.527,23.085],[90.528,23.085],[90.53,23.086],[90.534,23.087],[90.538,23.091],[90.54,23.092],[90.542,23.093],[90.543,23.093],[90.543,23.092],[90.542,23.091],[90.541,23.09],[90.541,23.089],[90.539,23.088],[90.539,23.087],[90.539,23.086],[90.541,23.087],[90.543,23.088],[90.544,23.089],[90.545,23.09],[90.546,23.092],[90.548,23.093],[90.549,23.095],[90.55,23.096],[90.549,23.097],[90.549,23.098],[90.55,23.1],[90.551,23.1],[90.552,23.1]]],[[[90.52,23.318],[90.521,23.318],[90.521,23.319],[90.519,23.319],[90.517,23.318],[90.517,23.318],[90.518,23.318],[90.52,23.318]]],[[[90.516,23.323],[90.515,23.323],[90.514,23.322],[90.515,23.322],[90.517,23.321],[90.519,23.321],[90.519,23.321],[90.521,23.322],[90.522,23.322],[90.523,23.322],[90.521,23.322],[90.52,23.322],[90.518,23.323],[90.516,23.323]]],[[[90.509,23.323],[90.507,23.323],[90.505,23.324],[90.504,23.324],[90.503,23.324],[90.502,23.323],[90.501,23.323],[90.5,23.323],[90.5,23.322],[90.502,23.321],[90.507,23.32],[90.512,23.318],[90.513,23.318],[90.514,23.318],[90.514,23.318],[90.514,23.318],[90.512,23.319],[90.511,23.32],[90.507,23.321],[90.505,23.321],[90.505,23.322],[90.505,23.322],[90.505,23.322],[90.505,23.322],[90.505,23.322],[90.507,23.323],[90.509,23.323]]],[[[90.565,23.324],[90.565,23.325],[90.566,23.326],[90.566,23.326],[90.567,23.327],[90.567,23.328],[90.566,23.328],[90.565,23.329],[90.563,23.328],[90.562,23.327],[90.562,23.326],[90.562,23.325],[90.563,23.325],[90.564,23.324],[90.565,23.324]]],[[[90.57,23.325],[90.57,23.325],[90.572,23.325],[90.574,23.325],[90.575,23.325],[90.576,23.325],[90.577,23.325],[90.578,23.325],[90.579,23.325],[90.58,23.326],[90.582,23.327],[90.584,23.328],[90.584,23.329],[90.583,23.33],[90.582,23.33],[90.581,23.331],[90.58,23.331],[90.579,23.33],[90.577,23.33],[90.576,23.33],[90.574,23.329],[90.571,23.328],[90.57,23.328],[90.569,23.327],[90.568,23.326],[90.568,23.325],[90.568,23.324],[90.569,23.324],[90.569,23.324],[90.569,23.325],[90.569,23.325],[90.57,23.325],[90.57,23.325]]],[[[90.542,23.333],[90.542,23.333],[90.542,23.334],[90.542,23.334],[90.543,23.334],[90.542,23.334],[90.54,23.335],[90.537,23.335],[90.533,23.334],[90.531,23.332],[90.53,23.33],[90.529,23.328],[90.529,23.327],[90.53,23.325],[90.531,23.324],[90.532,23.324],[90.533,23.324],[90.534,23.323],[90.535,23.322],[90.536,23.323],[90.537,23.324],[90.539,23.324],[90.539,23.323],[90.539,23.322],[90.539,23.322],[90.539,23.322],[90.54,23.321],[90.542,23.321],[90.543,23.322],[90.544,23.323],[90.544,23.324],[90.545,23.324],[90.545,23.324],[90.546,23.322],[90.546,23.322],[90.546,23.322],[90.546,23.323],[90.546,23.325],[90.547,23.326],[90.548,23.327],[90.549,23.326],[90.548,23.326],[90.547,23.325],[90.547,23.324],[90.548,23.324],[90.548,23.324],[90.549,23.324],[90.551,23.325],[90.552,23.325],[90.553,23.324],[90.553,23.323],[90.553,23.323],[90.552,23.322],[90.552,23.321],[90.553,23.321],[90.555,23.322],[90.557,23.322],[90.557,23.324],[90.558,23.327],[90.559,23.327],[90.559,23.328],[90.558,23.328],[90.556,23.328],[90.555,23.327],[90.553,23.327],[90.552,23.327],[90.552,23.328],[90.553,23.329],[90.557,23.329],[90.561,23.33],[90.563,23.331],[90.566,23.331],[90.571,23.331],[90.572,23.332],[90.572,23.333],[90.572,23.334],[90.572,23.334],[90.566,23.334],[90.56,23.334],[90.553,23.334],[90.548,23.334],[90.543,23.333],[90.542,23.333]]],[[[90.499,23.069],[90.608,23.214],[90.49,23.325],[90.591,23.336],[90.584,23.35],[90.499,23.404],[90.404,23.4],[90.302,23.452],[90.221,23.412],[90.264,23.379],[90.233,23.362],[90.248,23.349],[90.228,23.333],[90.244,23.317],[90.228,23.263],[90.247,23.217],[90.284,23.197],[90.292,23.145],[90.355,23.139],[90.336,23.07],[90.422,23.04],[90.412,23.007],[90.491,23.034],[90.499,23.069]]]]}},{"type":"Feature","properties":{"district":"Sherpur","name":"Sherpur"},"geometry":{"type":"Polygon","coordinates":[[[90.195,24.885],[90.236,24.886],[90.232,24.945],[90.258,24.946],[90.226,24.971],[90.237,25.053],[90.305,25.079],[90.262,25.098],[90.264,25.196],[90.112,25.225],[89.967,25.304],[89.935,25.289],[89.931,25.261],[89.905,25.264],[89.885,25.187],[89.91,25.172],[89.895,25.113],[89.925,25.063],[89.882,25.035],[89.904,24.958],[89.938,24.96],[89.981,24.917],[90.195,24.885]]]}},{"type":"Feature","properties":{"district":"Sirajganj","name":"Sirajganj"},"geometry":{"type":"Polygon","coordinates":[[[89.339,24.559],[89.248,24.433],[89.285,24.42],[89.293,24.365],[89.418,24.322],[89.425,24.25],[89.46,24.262],[89.446,24.234],[89.478,24.229],[89.469,24.201],[89.501,24.217],[89.522,24.197],[89.533,24.13],[89.681,24.062],[89.683,24.034],[89.725,24.014],[89.817,24.063],[89.821,24.139],[89.78,24.166],[89.799,24.175],[89.789,24.284],[89.751,24.353],[89.758,24.5],[89.734,24.518],[89.789,24.574],[89.765,24.614],[89.799,24.68],[89.774,24.717],[89.791,24.735],[89.778,24.768],[89.68,24.784],[89.624,24.685],[89.555,24.705],[89.549,24.618],[89.602,24.605],[89.591,24.554],[89.531,24.563],[89.52,24.536],[89.508,24.557],[89.46,24.542],[89.339,24.559]]]}},{"type":"Feature","properties":{"district":"Sunamganj","name":"Sunamganj","severity":"medium"},"geometry":{"type":"Polygon","coordinates":[[[91.649,24.675],[91.677,24.758],[91.636,24.78],[91.675,24.787],[91.657,24.847],[91.674,24.872],[91.698,24.867],[91.677,24.89],[91.714,24.947],[91.668,25.023],[91.687,25.058],[91.735,25.065],[91.713,25.147],[91.627,25.126],[91.6,25.146],[91.609,25.177],[91.471,25.134],[91.469,25.152],[91.286,25.185],[91.268,25.207],[90.965,25.172],[90.947,25.114],[90.975,25.074],[90.928,25.078],[90.933,25.045],[90.965,25.036],[90.934,25.02],[90.944,24.976],[90.973,24.958],[90.953,24.919],[91.018,24.885],[91.044,24.908],[91.098,24.89],[91.13,24.793],[91.153,24.837],[91.171,24.827],[91.141,24.724],[91.207,24.709],[91.225,24.728],[91.22,24.702],[91.241,24.692],[91.226,24.651],[91.178,24.63],[91.206,24.577],[91.293,24.597],[91.305,24.654],[91.351,24.667],[91.353,24.69],[91.429,24.682],[91.442,24.651],[91.484,24.671],[91.576,24.645],[91.58,24.675],[91.627,24.656],[91.649,24.675]]]}},{"type":"Feature","properties":{"district":"Sylhet","name":"Sylhet","severity":"medium"},"geometry":{"type":"Polygon","coordinates":[[[91.661,24.626],[91.727,24.593],[91.828,24.654],[92.029,24.652],[92.026,24.697],[92.08,24.724],[92.078,24.766],[92.194,24.768],[92.196,24.803],[92.244,24.82],[92.235,24.904],[92.301,24.916],[92.402,24.85],[92.489,24.873],[92.488,24.947],[92.45,24.939],[92.468,24.964],[92.419,24.968],[92.425,25.03],[92.341,25.049],[92.334,25.079],[92.228,25.094],[92.191,25.135],[92.159,25.127],[92.074,25.185],[91.756,25.178],[91.748,25.14],[91.704,25.16],[91.735,25.065],[91.687,25.058],[91.668,25.023],[91.714,24.947],[91.677,24.89],[91.698,24.867],[91.674,24.872],[91.657,24.847],[91.675,24.787],[91.636,24.78],[91.677,24.758],[91.632,24.631],[91.661,24.626]]]}},{"type":"Feature","properties":{"district":"Tangail","name":"Tangail"},"geometry":{"type":"Polygon","coordinates":[[[90.148,24.034],[90.173,24.108],[90.23,24.106],[90.226,24.163],[90.29,24.226],[90.301,24.269],[90.233,24.335],[90.249,24.415],[90.21,24.46],[90.244,24.481],[90.174,24.518],[90.125,24.596],[90.148,24.635],[90.133,24.734],[90.09,24.737],[90.076,24.788],[90.027,24.774],[89.981,24.725],[89.936,24.757],[89.88,24.742],[89.899,24.681],[89.842,24.645],[89.853,24.62],[89.812,24.567],[89.773,24.565],[89.734,24.519],[89.758,24.5],[89.752,24.351],[89.79,24.276],[89.799,24.175],[89.78,24.166],[89.821,24.14],[89.825,24.088],[89.764,23.979],[89.855,23.964],[89.876,23.994],[89.892,23.97],[89.972,24.036],[89.99,23.999],[90.009,24.003],[90.017,24.044],[90.025,24.021],[90.148,24.034]]]}}]}